nombre,estado,ciudad,lat,lng,estatus,vendedor,fecha
AT&T,Michoacán,Apatzingan,19.088288,-102.374337,Pendiente,,
AT&T,Michoacán,Apatzingan,19.101764,-102.364185,Pendiente,,
Arall House,Michoacán,Apatzingan,19.085953,-102.354558,Pendiente,,
BlackPhone Store,Michoacán,Apatzingan,19.079347,-102.357954,Pendiente,,
CAC APATZINGAN,Michoacán,Apatzingan,19.073499,-102.348282,Pendiente,,
CELULARES CELUCOMP,Michoacán,Apatzingan,19.083713,-102.354677,Pendiente,,
CREDICEL APATZINGAN,Michoacán,Apatzingan,19.084974,-102.35491,Pendiente,,
"Cablevision De Apatzingan, S.A. De C.V.",Michoacán,Apatzingan,19.088209,-102.353253,Pendiente,,
Call Center Constitución. Distribuidor Autorizado Telcel,Michoacán,Apatzingan,19.084364,-102.354716,Pendiente,,
Cell House,Michoacán,Apatzingan,19.085951,-102.354609,Pendiente,,
Celulares Celucomp,Michoacán,Apatzingan,19.083543,-102.354807,Pendiente,,
Celulares y Computadoras de Apatzingan,Michoacán,Apatzingan,19.08343,-102.353732,Pendiente,,
Coppel Andrade,Michoacán,Apatzingan,19.083589,-102.355933,Pendiente,,
Coppel Canada Constitución,Michoacán,Apatzingan,19.088213,-102.354554,Pendiente,,
Coppel Motos Apatzingán,Michoacán,Apatzingan,19.083346,-102.355098,Pendiente,,
Cyber y Papeleria Blankitha,Michoacán,Apatzingan,19.109869,-102.368522,Pendiente,,
Cybercity Apatzingan,Michoacán,Apatzingan,19.09454,-102.344119,Pendiente,,
DS Celulares,Michoacán,Apatzingan,19.089638,-102.351446,Pendiente,,
ELECTROTECH APATZINGAN,Michoacán,Apatzingan,19.085762,-102.354503,Pendiente,,
Elektra,Michoacán,Apatzingan,19.082966,-102.355182,Pendiente,,
Elektra,Michoacán,Apatzingan,19.089156,-102.353972,Pendiente,,
Elektra,Michoacán,Apatzingan,19.101756,-102.364235,Pendiente,,
FOTO NÚCLEO MAR,Michoacán,Apatzingan,19.093271,-102.353546,Pendiente,,
Fashion Case Store,Michoacán,Apatzingan,19.09144,-102.353704,Pendiente,,
Fibrenza Telecom,Michoacán,Apatzingan,19.087805,-102.353032,Pendiente,,
GEOS,Michoacán,Apatzingan,19.080906,-102.352963,Pendiente,,
Global Telecomunicaciones,Michoacán,Apatzingan,19.084219,-102.349118,Pendiente,,
Impronta Distribuidor Autorizado Telcel,Michoacán,Apatzingan,19.089706,-102.350862,Pendiente,,
Ingeniería Celular,Michoacán,Apatzingan,19.082062,-102.353688,Pendiente,,
JoxMóvil Apatzingán,Michoacán,Apatzingan,19.090096,-102.352594,Pendiente,,
LA CASA DE LAS CARCASAS PASEO AKIA,Michoacán,Apatzingan,19.087142,-102.373646,Pendiente,,
LA NUBE DEL CELULAR,Michoacán,Apatzingan,19.086107,-102.352209,Pendiente,,
Livestore,Michoacán,Apatzingan,19.087506,-102.37412,Pendiente,,
MAX TELCEL,Michoacán,Apatzingan,19.08443,-102.354885,Pendiente,,
Macropay,Michoacán,Apatzingan,19.084182,-102.355985,Pendiente,,
Macropay,Michoacán,Apatzingan,19.085851,-102.354836,Pendiente,,
Marrocell,Michoacán,Apatzingan,19.08198,-102.352955,Pendiente,,
Master Music,Michoacán,Apatzingan,19.088225,-102.355398,Pendiente,,
Mediacom,Michoacán,Apatzingan,19.085903,-102.357358,Pendiente,,
Movistar de la constitución,Michoacán,Apatzingan,19.083501,-102.354952,Pendiente,,
Nooptronics - Tienda de Electrónica y Robótica,Michoacán,Apatzingan,19.089745,-102.350762,Pendiente,,
OXMÓVIL,Michoacán,Apatzingan,19.090082,-102.352546,Pendiente,,
OXXO 22 de Octubre MLM,Michoacán,Apatzingan,19.076178,-102.351936,Pendiente,,
OXXO Apa Limonera,Michoacán,Apatzingan,19.089356,-102.379282,Pendiente,,
OXXO Apa Zaragoza MLM,Michoacán,Apatzingan,19.094876,-102.364025,Pendiente,,
OXXO Apa del Sol MOR,Michoacán,Apatzingan,19.087786,-102.354317,Pendiente,,
OXXO Esteban Vaca TLC,Michoacán,Apatzingan,19.086338,-102.352936,Pendiente,,
OXXO FERROCARRIL,Michoacán,Apatzingan,19.081252,-102.352751,Pendiente,,
Oxxo húngaro,Michoacán,Apatzingan,19.104592,-102.352071,Pendiente,,
Paseo Akia,Michoacán,Apatzingan,19.088827,-102.373576,Pendiente,,
Plásticos México,Michoacán,Apatzingan,19.084577,-102.356187,Pendiente,,
Procell movil,Michoacán,Apatzingan,19.105521,-102.357498,Pendiente,,
Recargas Telcel,Michoacán,Apatzingan,19.112412,-102.360835,Pendiente,,
Reparacion De Celulares. Droid,Michoacán,Apatzingan,19.087108,-102.352024,Pendiente,,
"Reparación de Celulares ""Sanchez""",Michoacán,Apatzingan,19.082058,-102.356564,Pendiente,,
Reparación de celulares,Michoacán,Apatzingan,19.087906,-102.357905,Pendiente,,
SISTEMATIC,Michoacán,Apatzingan,19.091701,-102.365215,Pendiente,,
SUPER CELL,Michoacán,Apatzingan,19.10006,-102.367074,Pendiente,,
SantiPhone,Michoacán,Apatzingan,19.079999,-102.357011,Pendiente,,
Supercell,Michoacán,Apatzingan,19.087914,-102.354291,Pendiente,,
Telcel Centro de atención a clientes,Michoacán,Apatzingan,19.073385,-102.348236,Pendiente,,
Telecable Apatzingan,Michoacán,Apatzingan,19.08569,-102.353329,Pendiente,,
Telefonia Celular El Guero 4,Michoacán,Apatzingan,19.089045,-102.354172,Pendiente,,
Telmex,Michoacán,Apatzingan,19.086149,-102.353547,Pendiente,,
USASHOP(Richard),Michoacán,Apatzingan,19.086585,-102.35348,Pendiente,,
Yo Reparo,Michoacán,Apatzingan,19.104356,-102.360777,Pendiente,,
caseshop Apatzingán,Michoacán,Apatzingan,19.091728,-102.353471,Pendiente,,
reparación de celulares fix celulares,Michoacán,Apatzingan,19.083576,-102.354061,Pendiente,,
syrelectron,Michoacán,Apatzingan,19.088772,-102.355512,Pendiente,,
REPARATUCEL PAQUITO,Michoacán,Cheran,19.687855,-101.954443,Pendiente,,
Reparación de celulares,Michoacán,Cheran,19.094026,-101.521739,Pendiente,,
Telcel Cheran,Michoacán,Cheran,19.688012,-101.955603,Pendiente,,
Urmatec,Michoacán,Cheran,19.687648,-101.956123,Pendiente,,
zuryphones,Michoacán,Cheran,19.687127,-101.956224,Pendiente,,
"ACCESORIOS ""SMART CELL""",Michoacán,Ciudad Hidalgo,19.691199,-100.554099,Pendiente,,
AT&T,Michoacán,Ciudad Hidalgo,19.687575,-100.550667,Pendiente,,
Accesorios y reparaciones para celulares,Michoacán,Ciudad Hidalgo,19.913521,-100.22689,Pendiente,,
Banco BBVA,Michoacán,Ciudad Hidalgo,19.690464,-100.556576,Pendiente,,
CELL TECH,Michoacán,Ciudad Hidalgo,19.689053,-100.550494,Pendiente,,
CELULARES ALEXANDER,Michoacán,Ciudad Hidalgo,19.69114,-100.557411,Pendiente,,
Casa de Empeño Fundación Dondé,Michoacán,Ciudad Hidalgo,19.689329,-100.555796,Pendiente,,
Cd Hidalgo,Michoacán,Ciudad Hidalgo,19.702851,-100.552866,Pendiente,,
Celular House,Michoacán,Ciudad Hidalgo,19.688883,-100.555838,Pendiente,,
Clínic Phone,Michoacán,Ciudad Hidalgo,19.698178,-100.561939,Pendiente,,
Clínica de hemodialisis,Michoacán,Ciudad Hidalgo,19.694985,-100.551246,Pendiente,,
Compu Solución,Michoacán,Ciudad Hidalgo,19.691539,-100.564945,Pendiente,,
Coppel Morelos,Michoacán,Ciudad Hidalgo,19.687577,-100.550961,Pendiente,,
Dr. Cell,Michoacán,Ciudad Hidalgo,19.688308,-100.554877,Pendiente,,
EL ANDROIDE MX,Michoacán,Ciudad Hidalgo,19.337173,-102.363492,Pendiente,,
Elektra,Michoacán,Ciudad Hidalgo,19.689133,-100.555744,Pendiente,,
Elektra,Michoacán,Ciudad Hidalgo,19.687505,-100.550647,Pendiente,,
Evonet Morelos,Michoacán,Ciudad Hidalgo,19.688476,-100.556451,Pendiente,,
Evonet Plaza,Michoacán,Ciudad Hidalgo,19.690324,-100.555388,Pendiente,,
FER-GAR NOVEDADES Y ACCESORIOS PARA CELULARES Y MAQUILLAJE,Michoacán,Ciudad Hidalgo,19.695573,-100.54735,Pendiente,,
FIXCEL,Michoacán,Ciudad Hidalgo,19.715999,-100.60557,Pendiente,,
Gus,Michoacán,Ciudad Hidalgo,19.692295,-100.554845,Pendiente,,
HomeTech Fix - Reparación de Celulares y Computo,Michoacán,Ciudad Hidalgo,19.70234,-100.552464,Pendiente,,
Jacel comunicaciónes,Michoacán,Ciudad Hidalgo,19.688084,-100.553432,Pendiente,,
Los Ru-2 Activación y reparacion en telefonia movil,Michoacán,Ciudad Hidalgo,19.685167,-100.542917,Pendiente,,
"MATERIAS PRIMAS ""EL MAS MAS"" CD. HIDALGO.",Michoacán,Ciudad Hidalgo,19.690616,-100.553817,Pendiente,,
MYTHIC UNLOCK,Michoacán,Ciudad Hidalgo,19.690549,-100.561076,Pendiente,,
Marktec,Michoacán,Ciudad Hidalgo,19.687607,-100.551495,Pendiente,,
Megacable CIudad Hidalgo,Michoacán,Ciudad Hidalgo,19.683686,-100.548395,Pendiente,,
Monarca cell repair,Michoacán,Ciudad Hidalgo,19.689842,-100.556224,Pendiente,,
Movistar El Pirul,Michoacán,Ciudad Hidalgo,19.692773,-100.555608,Pendiente,,
Movistar-Telcel-AT&T Unefon la Plazuela,Michoacán,Ciudad Hidalgo,19.69135,-100.556362,Pendiente,,
Mueblería Rodmag,Michoacán,Ciudad Hidalgo,19.685307,-100.518813,Pendiente,,
OXXO Est Paraiso TLC,Michoacán,Ciudad Hidalgo,19.676909,-100.528578,Pendiente,,
OXXO Los Agaves TLC,Michoacán,Ciudad Hidalgo,19.673163,-100.520703,Pendiente,,
OXXO Vista Bella,Michoacán,Ciudad Hidalgo,19.68905,-100.542611,Pendiente,,
PCell soluciones,Michoacán,Ciudad Hidalgo,19.691801,-100.556463,Pendiente,,
Punto De Venta Megacable,Michoacán,Ciudad Hidalgo,19.685052,-100.548842,Pendiente,,
QUEEN´S SHOP,Michoacán,Ciudad Hidalgo,19.689842,-100.556224,Pendiente,,
Relojería Hidalgo y Reparación de Celulares Universal,Michoacán,Ciudad Hidalgo,19.688644,-100.55592,Pendiente,,
Reparación Celular,Michoacán,Ciudad Hidalgo,20.346613,-102.035854,Pendiente,,
Reparación de celulares Chendo,Michoacán,Ciudad Hidalgo,20.216094,-101.614036,Pendiente,,
Smart Cell Morelos,Michoacán,Ciudad Hidalgo,19.688011,-100.551815,Pendiente,,
Starphone,Michoacán,Ciudad Hidalgo,19.691055,-100.555928,Pendiente,,
TecnoZound,Michoacán,Ciudad Hidalgo,19.702579,-100.553752,Pendiente,,
TeknoFix,Michoacán,Ciudad Hidalgo,19.683913,-100.542757,Pendiente,,
Telcel Celular Gold,Michoacán,Ciudad Hidalgo,19.689715,-100.554884,Pendiente,,
Telcel Distribuidor Autorizado,Michoacán,Ciudad Hidalgo,19.688436,-100.555991,Pendiente,,
Telmex,Michoacán,Ciudad Hidalgo,19.688712,-100.553968,Pendiente,,
Tienda Milano CD Hidalgo,Michoacán,Ciudad Hidalgo,19.690885,-100.555664,Pendiente,,
"Mueblería ""Arcruz"" (Coalcomán)",Michoacán,Coalcoman,18.776943,-103.161976,Pendiente,,
Servicel Coalcomán,Michoacán,Coalcoman,18.777366,-103.160052,Pendiente,,
Soluciones Informaticas y Tecnológicas SI-Tec,Michoacán,Coalcoman,18.777316,-103.161127,Pendiente,,
Telecom,Michoacán,Coalcoman,18.777049,-103.161506,Pendiente,,
Contepec,Michoacán,Contepec,19.941719,-100.175441,Pendiente,,
Contepec Michoacán,Michoacán,Contepec,19.952159,-100.161922,Pendiente,,
Materiales Alvarado Contepec,Michoacán,Contepec,19.941831,-100.174244,Pendiente,,
Mini,Michoacán,Contepec,19.880509,-100.204286,Pendiente,,
Soporte Técnico Contepec,Michoacán,Contepec,19.942243,-100.173673,Pendiente,,
Tiendas 3B,Michoacán,Contepec,19.954081,-100.163367,Pendiente,,
Celucenter – Cotija,Michoacán,Cotija,19.80995,-102.705431,Pendiente,,
Centro de Servicio GONHER,Michoacán,Cotija,19.810498,-102.713749,Pendiente,,
Dr Cell,Michoacán,Cotija,19.809946,-102.704847,Pendiente,,
Dulcería Cotija,Michoacán,Cotija,19.809792,-102.70358,Pendiente,,
Ecomovil Cotija,Michoacán,Cotija,19.810368,-102.702956,Pendiente,,
MISACELL,Michoacán,Cotija,19.807949,-102.695506,Pendiente,,
Mi Bodega Aurrera,Michoacán,Cotija,19.806631,-102.688814,Pendiente,,
Somos los mejores profesionales del país,Michoacán,Cotija,19.810178,-102.703235,Pendiente,,
TECNOCELL,Michoacán,Cotija,19.810089,-102.702165,Pendiente,,
Telcel,Michoacán,Cotija,19.809839,-102.70426,Pendiente,,
Telecable,Michoacán,Cotija,19.809698,-102.701673,Pendiente,,
Telecom,Michoacán,Cotija,19.809774,-102.705956,Pendiente,,
"""Construrama""Comercial Romero.",Michoacán,Huetamo,18.616258,-100.900184,Pendiente,,
AGROMICH HUETAMO,Michoacán,Huetamo,18.615595,-100.901514,Pendiente,,
Abarrotes San Juan,Michoacán,Huetamo,18.633229,-100.898872,Pendiente,,
Abarrotes el huache,Michoacán,Huetamo,18.635397,-100.892171,Pendiente,,
Accesorios para celulares,Michoacán,Huetamo,18.631263,-100.888544,Pendiente,,
Almacenes Malagón- Sucursal Huetamo,Michoacán,Huetamo,18.631128,-100.899336,Pendiente,,
COMPUCENTER HUETAMO,Michoacán,Huetamo,18.621636,-100.90012,Pendiente,,
Cable Visión Regional,Michoacán,Huetamo,18.626872,-100.897141,Pendiente,,
Celulares El Efectivo Huetamo,Michoacán,Huetamo,18.627256,-100.896232,Pendiente,,
Coco-Case,Michoacán,Huetamo,18.627871,-100.898735,Pendiente,,
Compucell Huetamo,Michoacán,Huetamo,18.626068,-100.899757,Pendiente,,
EQUI-GAS,Michoacán,Huetamo,18.626488,-100.900736,Pendiente,,
Edwin Shop,Michoacán,Huetamo,18.625017,-100.898393,Pendiente,,
Electronica Volta,Michoacán,Huetamo,18.624448,-100.899838,Pendiente,,
Elektra Mega Huetamo,Michoacán,Huetamo,18.624649,-100.899963,Pendiente,,
Ferretería El Chino,Michoacán,Huetamo,18.629533,-100.899516,Pendiente,,
GFTech,Michoacán,Huetamo,18.624519,-100.900413,Pendiente,,
GFTech II,Michoacán,Huetamo,18.625001,-100.900235,Pendiente,,
INTERMOVIL,Michoacán,Huetamo,18.627464,-100.899748,Pendiente,,
La 5G,Michoacán,Huetamo,18.625993,-100.899553,Pendiente,,
Master unlock Huetamo,Michoacán,Huetamo,18.624441,-100.901002,Pendiente,,
Mega Vinos Huetamo,Michoacán,Huetamo,18.624658,-100.900622,Pendiente,,
Mercado Municipal José Rentería Luviano,Michoacán,Huetamo,18.627871,-100.898735,Pendiente,,
Mercería Martínez,Michoacán,Huetamo,18.626767,-100.899159,Pendiente,,
Mi Bodega Aurrera,Michoacán,Huetamo,18.635763,-100.897476,Pendiente,,
Micell Huetamo,Michoacán,Huetamo,18.622742,-100.9003,Pendiente,,
Mueblería Chely,Michoacán,Huetamo,18.62616,-100.90277,Pendiente,,
Novedades Huetamo en Ti..!! ️,Michoacán,Huetamo,18.630314,-100.904354,Pendiente,,
Orderexpress Paquetería y Mensajería Internacional,Michoacán,Huetamo,18.626009,-100.898215,Pendiente,,
Plaza Palacio,Michoacán,Huetamo,18.623777,-100.90005,Pendiente,,
Ruta Central Tienda de Conveniencia,Michoacán,Huetamo,18.625633,-100.898931,Pendiente,,
Soriana Express - Huetamo,Michoacán,Huetamo,18.6302,-100.9003,Pendiente,,
Superany,Michoacán,Huetamo,18.623159,-100.900235,Pendiente,,
TEXTI TELAS HUETAMO,Michoacán,Huetamo,18.621129,-100.900286,Pendiente,,
TRATO HECHO STORE HUETAMO,Michoacán,Huetamo,18.6211,-100.900283,Pendiente,,
TechnoloYi ElectroniX #YiiX,Michoacán,Huetamo,18.632167,-100.899444,Pendiente,,
Telcel,Michoacán,Huetamo,18.624669,-100.900193,Pendiente,,
Telcel Alexa,Michoacán,Huetamo,18.623972,-100.900044,Pendiente,,
Telcentro Huetamo,Michoacán,Huetamo,18.626811,-100.899866,Pendiente,,
Tienda Merza Sucursal Huetamo,Michoacán,Huetamo,18.62472,-100.9002,Pendiente,,
Trato Hecho Store,Michoacán,Huetamo,18.359241,-100.670528,Pendiente,,
VILLA - CELL,Michoacán,Huetamo,18.626023,-100.899082,Pendiente,,
Wisp1er,Michoacán,Huetamo,18.626097,-100.899919,Pendiente,,
Zeo-Cirpya,Michoacán,Huetamo,18.629039,-100.907556,Pendiente,,
iFixunlock,Michoacán,Huetamo,18.621311,-100.900312,Pendiente,,
reparacell,Michoacán,Huetamo,18.631142,-100.899472,Pendiente,,
AT&T,Michoacán,Jacona,19.955959,-102.305131,Pendiente,,
ESTRENAŻCEL,Michoacán,Jacona,19.956556,-102.305515,Pendiente,,
Electrónica Jacona,Michoacán,Jacona,19.98593,-102.286584,Pendiente,,
Elektra,Michoacán,Jacona,19.95579,-102.305171,Pendiente,,
Grehinar Accesosrios Celular y Novedades,Michoacán,Jacona,19.850062,-102.116504,Pendiente,,
"Harmand, la tienda para ti y tu moto.",Michoacán,Jacona,19.942197,-102.31456,Pendiente,,
Llantera Damian,Michoacán,Jacona,19.953971,-102.296889,Pendiente,,
Llantera Ferrocarril,Michoacán,Jacona,19.994326,-102.283184,Pendiente,,
Llantera la changa,Michoacán,Jacona,19.943308,-102.325929,Pendiente,,
Megacable,Michoacán,Jacona,19.957705,-102.305035,Pendiente,,
Muebles América (Suc. Jacona),Michoacán,Jacona,19.957352,-102.305005,Pendiente,,
Módulo Movil INE,Michoacán,Jacona,19.956763,-102.304517,Pendiente,,
OXXO Jacona Calzada,Michoacán,Jacona,19.970642,-102.296182,Pendiente,,
OXXO Reyes Crucero,Michoacán,Jacona,19.936951,-102.321577,Pendiente,,
OXXO jacona serdan gdl,Michoacán,Jacona,19.9588,-102.3087,Pendiente,,
Oxxo,Michoacán,Jacona,19.963952,-102.302139,Pendiente,,
Oxxo El Realejo,Michoacán,Jacona,19.95399,-102.321382,Pendiente,,
Oxxo jacona morelos gdl,Michoacán,Jacona,19.959292,-102.304582,Pendiente,,
Punto Yastás en Multienvios Jacona,Michoacán,Jacona,19.954703,-102.306165,Pendiente,,
SERVICIO ELECTRÓNICO ACTUAL TECH,Michoacán,Jacona,19.944141,-102.311605,Pendiente,,
TALLER 911,Michoacán,Jacona,19.958842,-102.304641,Pendiente,,
Telcel,Michoacán,Jacona,19.941268,-102.315965,Pendiente,,
Telcel,Michoacán,Jacona,19.955897,-102.305826,Pendiente,,
Telcel Cristo Rey,Michoacán,Jacona,19.942135,-102.31447,Pendiente,,
Telcel Distribuidor Autorizado,Michoacán,Jacona,19.948546,-102.308584,Pendiente,,
Telecable Jacona,Michoacán,Jacona,19.955693,-102.304355,Pendiente,,
telcel MORALES,Michoacán,Jacona,19.953493,-102.308173,Pendiente,,
📲 MoraTech!,Michoacán,Jacona,19.845003,-102.094262,Pendiente,,
Apple Tech,Michoacán,Jiquilpan,19.99531,-102.717393,Pendiente,,
BonitoMX - Bisutería Artesanal Mexicana,Michoacán,Jiquilpan,20.032339,-102.70451,Pendiente,,
CELULARES EL GORDO,Michoacán,Jiquilpan,19.990735,-102.720091,Pendiente,,
Celucenter Jiquilpan,Michoacán,Jiquilpan,19.992066,-102.717378,Pendiente,,
Celucenter Jiquilpan Centro Histórico,Michoacán,Jiquilpan,19.991165,-102.71863,Pendiente,,
Ciber y Papelería Compumax,Michoacán,Jiquilpan,20.00021,-102.723578,Pendiente,,
Coppel Muebles Cárdenas,Michoacán,Jiquilpan,19.992348,-102.717209,Pendiente,,
DRTICX,Michoacán,Jiquilpan,19.996232,-102.718574,Pendiente,,
Despacho Jurídico Mejia,Michoacán,Jiquilpan,19.994211,-102.719234,Pendiente,,
El Bodegón,Michoacán,Jiquilpan,19.992104,-102.720243,Pendiente,,
El Mercadito,Michoacán,Jiquilpan,19.989423,-102.718392,Pendiente,,
Elektra,Michoacán,Jiquilpan,19.991181,-102.71727,Pendiente,,
Estrenazcel,Michoacán,Jiquilpan,19.991233,-102.717477,Pendiente,,
Junior Cel,Michoacán,Jiquilpan,19.989745,-102.719946,Pendiente,,
Laboratorio Celular jqn,Michoacán,Jiquilpan,19.992605,-102.717419,Pendiente,,
Llantas y Servicios BANPAC S.A. de C.V.,Michoacán,Jiquilpan,19.999855,-102.718859,Pendiente,,
Megacable jiquilpan,Michoacán,Jiquilpan,19.990494,-102.720231,Pendiente,,
OXXO HUANIMBA,Michoacán,Jiquilpan,19.996194,-102.721276,Pendiente,,
OXXO Jiquilpan,Michoacán,Jiquilpan,20.000957,-102.717959,Pendiente,,
OXXO Jiquilpan Tecnologico GDL,Michoacán,Jiquilpan,19.985252,-102.697191,Pendiente,,
Tecnocom,Michoacán,Jiquilpan,19.990782,-102.719595,Pendiente,,
Vulcanizadora Tejeda,Michoacán,Jiquilpan,19.988741,-102.724536,Pendiente,,
AT&T,Michoacán,La Piedad,20.347202,-102.029478,Pendiente,,
AT&T,Michoacán,La Piedad,20.353822,-102.024884,Pendiente,,
AcCelsorios,Michoacán,La Piedad,20.352585,-102.048153,Pendiente,,
BAIT La Piedad,Michoacán,La Piedad,20.343187,-102.025331,Pendiente,,
CAC Telcel La piedad,Michoacán,La Piedad,20.353904,-102.025448,Pendiente,,
CardonaFon,Michoacán,La Piedad,20.343151,-102.024851,Pendiente,,
Casa de Empeño Fundación Dondé,Michoacán,La Piedad,20.341723,-102.021841,Pendiente,,
Celular Up,Michoacán,La Piedad,20.342702,-102.031428,Pendiente,,
Compudig Servicios integrales,Michoacán,La Piedad,20.340698,-102.024039,Pendiente,,
Coppel Aquiles Serdán,Michoacán,La Piedad,20.342935,-102.02349,Pendiente,,
CreenTec celulares,Michoacán,La Piedad,20.343524,-102.025398,Pendiente,,
El Bodegón,Michoacán,La Piedad,20.347155,-102.026897,Pendiente,,
El Marce mobile store,Michoacán,La Piedad,20.357069,-102.031864,Pendiente,,
Electrotek,Michoacán,La Piedad,20.357906,-102.044254,Pendiente,,
Elektra,Michoacán,La Piedad,20.341827,-102.021474,Pendiente,,
Empeño Fácil La Piedad,Michoacán,La Piedad,20.341379,-102.023179,Pendiente,,
GREENTECH,Michoacán,La Piedad,20.343524,-102.025398,Pendiente,,
HM ACCESORIOS,Michoacán,La Piedad,20.342826,-102.029791,Pendiente,,
Home Cell,Michoacán,La Piedad,20.34329,-102.023046,Pendiente,,
IMPALA - Servicio Técnico Especializado,Michoacán,La Piedad,20.347646,-102.035482,Pendiente,,
ISA MOVIL,Michoacán,La Piedad,20.350463,-102.026737,Pendiente,,
KuyTech,Michoacán,La Piedad,20.34184,-102.019031,Pendiente,,
KuyTech,Michoacán,La Piedad,20.337989,-102.031132,Pendiente,,
La Marina,Michoacán,La Piedad,20.347505,-102.027406,Pendiente,,
Llantera móvil 24H,Michoacán,La Piedad,20.360733,-101.998288,Pendiente,,
MC Telefonia,Michoacán,La Piedad,20.340882,-102.024025,Pendiente,,
MM-NETWORK,Michoacán,La Piedad,20.347467,-102.027389,Pendiente,,
Macropay La Piedad,Michoacán,La Piedad,20.340678,-102.021381,Pendiente,,
Mediacom,Michoacán,La Piedad,20.347841,-102.035463,Pendiente,,
Mi mundo case,Michoacán,La Piedad,20.343122,-102.02422,Pendiente,,
Paxmur,Michoacán,La Piedad,20.339316,-102.024358,Pendiente,,
Pulsar Tecnología,Michoacán,La Piedad,20.341544,-102.022103,Pendiente,,
Punto Yastás,Michoacán,La Piedad,20.3334,-102.017701,Pendiente,,
Punto de Venta Movistar,Michoacán,La Piedad,20.343042,-102.02343,Pendiente,,
Quantum Comunicaciones,Michoacán,La Piedad,20.34222,-102.026627,Pendiente,,
Rayo Services (Reparación de celulares),Michoacán,La Piedad,20.16656,-102.3905,Pendiente,,
Reparaciones Godzilla,Michoacán,La Piedad,20.339285,-102.02354,Pendiente,,
Reparaciones Spartan,Michoacán,La Piedad,20.33736,-102.025457,Pendiente,,
Reparación celulares - Autolavado y detallado,Michoacán,La Piedad,20.369775,-102.02752,Pendiente,,
Sam's Club,Michoacán,La Piedad,20.353945,-102.057671,Pendiente,,
Steren La Piedad,Michoacán,La Piedad,20.348645,-102.032193,Pendiente,,
TecnoBros Gadget Store,Michoacán,La Piedad,20.347704,-102.035747,Pendiente,,
Telcel,Michoacán,La Piedad,20.354017,-102.024529,Pendiente,,
Telcel,Michoacán,La Piedad,20.339267,-102.02328,Pendiente,,
Telmex,Michoacán,La Piedad,20.33956,-102.023533,Pendiente,,
Tony Cell,Michoacán,La Piedad,20.268721,-102.563999,Pendiente,,
Video Electronica Pichardo,Michoacán,La Piedad,20.343924,-102.025556,Pendiente,,
mikastore,Michoacán,La Piedad,20.342124,-102.024137,Pendiente,,
"""ACCELL"" REPARACIÓN Y DESBLOQUEO",Michoacán,Lazaro Cardenas,17.971129,-102.201272,Pendiente,,
ACCELL,Michoacán,Lazaro Cardenas,17.957265,-102.193936,Pendiente,,
ARSO MX,Michoacán,Lazaro Cardenas,17.961338,-102.206323,Pendiente,,
AT&T DISTRIBUIDOR AUTORIZADO,Michoacán,Lazaro Cardenas,17.955696,-102.193328,Pendiente,,
Apontephone,Michoacán,Lazaro Cardenas,17.963958,-102.215136,Pendiente,,
Best Smartphone LZC (BS),Michoacán,Lazaro Cardenas,17.959615,-102.190515,Pendiente,,
Broken phone,Michoacán,Lazaro Cardenas,17.967372,-102.218198,Pendiente,,
CELLSHOP.MX LÁZARO CÁRDENAS,Michoacán,Lazaro Cardenas,17.967279,-102.218469,Pendiente,,
Casa de Empeño Fundación Dondé,Michoacán,Lazaro Cardenas,17.95566,-102.193876,Pendiente,,
CaseInnovation Lzc,Michoacán,Lazaro Cardenas,17.960407,-102.193016,Pendiente,,
Cellplus,Michoacán,Lazaro Cardenas,17.964386,-102.217359,Pendiente,,
Compuservicios de Lazaro Cardenas,Michoacán,Lazaro Cardenas,17.967378,-102.219262,Pendiente,,
Coppel Cárdenas,Michoacán,Lazaro Cardenas,17.957619,-102.194824,Pendiente,,
Coppel Noyola,Michoacán,Lazaro Cardenas,17.969609,-102.210535,Pendiente,,
Cuicui’s Games,Michoacán,Lazaro Cardenas,17.965124,-102.204925,Pendiente,,
Distribuidor autorizado telcel la pérgola,Michoacán,Lazaro Cardenas,17.961914,-102.18861,Pendiente,,
"ELECTRÓNICA INTEGRAL LZC, BÁSCULAS DIGITALES ELECTRÓNICAS",Michoacán,Lazaro Cardenas,17.96435,-102.217367,Pendiente,,
Elektra,Michoacán,Lazaro Cardenas,17.961928,-102.199228,Pendiente,,
Elektra Lázaro Centro,Michoacán,Lazaro Cardenas,17.954634,-102.193053,Pendiente,,
F O S,Michoacán,Lazaro Cardenas,17.956552,-102.196421,Pendiente,,
FUNDAS Y ACCESORIOS D'ANGY,Michoacán,Lazaro Cardenas,17.961005,-102.204805,Pendiente,,
Fix Ferreterías Lázaro Cárdenas,Michoacán,Lazaro Cardenas,17.975289,-102.23518,Pendiente,,
Fixly reparaciones,Michoacán,Lazaro Cardenas,17.975738,-102.218099,Pendiente,,
GSMPHONE!,Michoacán,Lazaro Cardenas,18.020585,-102.209314,Pendiente,,
Genesys Mayoral,Michoacán,Lazaro Cardenas,17.977928,-102.213368,Pendiente,,
Guayacell,Michoacán,Lazaro Cardenas,19.489296,-100.484499,Pendiente,,
Happy Phone,Michoacán,Lazaro Cardenas,17.982517,-102.229515,Pendiente,,
Hg store,Michoacán,Lazaro Cardenas,18.004449,-102.225013,Pendiente,,
INFINITY INTERNET,Michoacán,Lazaro Cardenas,17.961244,-102.205956,Pendiente,,
Importaciones Ramírez de la Costa,Michoacán,Lazaro Cardenas,17.957686,-102.193341,Pendiente,,
Infinitum Movil Wi-Fi - Internet Gratis,Michoacán,Lazaro Cardenas,17.956805,-102.194352,Pendiente,,
Intercable LZC,Michoacán,Lazaro Cardenas,17.969785,-102.211503,Pendiente,,
Katrina Phone reparación de celulares,Michoacán,Lazaro Cardenas,17.994909,-102.223405,Pendiente,,
Lagunas Tech,Michoacán,Lazaro Cardenas,17.967984,-102.219625,Pendiente,,
Lapcel,Michoacán,Lazaro Cardenas,17.96119,-102.20061,Pendiente,,
"Lubtrac, SAPI de C.V.",Michoacán,Lazaro Cardenas,17.954339,-102.205221,Pendiente,,
Macropay Lázaro cárdenas,Michoacán,Lazaro Cardenas,17.957273,-102.195024,Pendiente,,
MasCelular,Michoacán,Lazaro Cardenas,17.969827,-102.211309,Pendiente,,
MasterCase Lzc,Michoacán,Lazaro Cardenas,17.960407,-102.193016,Pendiente,,
Mb Solutions,Michoacán,Lazaro Cardenas,17.961268,-102.209762,Pendiente,,
Mi-Cell,Michoacán,Lazaro Cardenas,18.020214,-102.211988,Pendiente,,
Movitel Telefonia Celular Centro,Michoacán,Lazaro Cardenas,17.957517,-102.193568,Pendiente,,
Movitel Telefonía Celular Caracol,Michoacán,Lazaro Cardenas,17.957307,-102.19324,Pendiente,,
NEXBEL,Michoacán,Lazaro Cardenas,17.955955,-102.195305,Pendiente,,
Nicolas Tech,Michoacán,Lazaro Cardenas,18.019453,-102.226152,Pendiente,,
OXXO,Michoacán,Lazaro Cardenas,17.952301,-102.195287,Pendiente,,
OXXO LA ORILLITA (50L91),Michoacán,Lazaro Cardenas,17.998641,-102.232365,Pendiente,,
OXXO LAZ. LAS AMERICAS (50ROF),Michoacán,Lazaro Cardenas,17.975346,-102.214921,Pendiente,,
OXXO LAZARO BALSAS (50QKR),Michoacán,Lazaro Cardenas,17.963999,-102.203571,Pendiente,,
OXXO LAZARO CENTRAL (50IXO),Michoacán,Lazaro Cardenas,17.956602,-102.194468,Pendiente,,
OXXO LAZARO ENTRONQUE (50LYX),Michoacán,Lazaro Cardenas,17.972351,-102.206947,Pendiente,,
OXXO LAZARO LAS TORRES (50HJI),Michoacán,Lazaro Cardenas,17.966166,-102.214361,Pendiente,,
OXXO LAZARO LIBRAMIENTO (50MGS),Michoacán,Lazaro Cardenas,17.962421,-102.222012,Pendiente,,
OXXO LAZARO TARIACURI (5007G),Michoacán,Lazaro Cardenas,17.967025,-102.227863,Pendiente,,
OXXO Lazaro Batallon MLM,Michoacán,Lazaro Cardenas,17.978468,-102.233956,Pendiente,,
OXXO Lazaro Palmas MLM,Michoacán,Lazaro Cardenas,17.969071,-102.221219,Pendiente,,
OXXO Lazaro Presidencial MOR,Michoacán,Lazaro Cardenas,17.962386,-102.197316,Pendiente,,
OXXO Lazaro Tec. MLM,Michoacán,Lazaro Cardenas,17.973964,-102.234201,Pendiente,,
OXXO LÁZARO DELFÍN,Michoacán,Lazaro Cardenas,17.95846,-102.195359,Pendiente,,
OXXO LÁZARO LA HERRADURA (50YSK),Michoacán,Lazaro Cardenas,17.984078,-102.233458,Pendiente,,
OXXO LÁZARO PÉRGOLA,Michoacán,Lazaro Cardenas,17.955699,-102.19165,Pendiente,,
OXXO NOYOLA (501BU),Michoacán,Lazaro Cardenas,17.979793,-102.221804,Pendiente,,
OXXO Playa Jardín,Michoacán,Lazaro Cardenas,17.953938,-102.212075,Pendiente,,
OXXO SEISCIENTAS (501G8),Michoacán,Lazaro Cardenas,17.967424,-102.217295,Pendiente,,
OXXO ZARCO (504HY),Michoacán,Lazaro Cardenas,17.971953,-102.224135,Pendiente,,
Oxxo Lázaro 1814,Michoacán,Lazaro Cardenas,17.95891,-102.191179,Pendiente,,
Oxxo Lázaro Guacamayas,Michoacán,Lazaro Cardenas,17.988056,-102.218633,Pendiente,,
Oxxo Lázaro del canal,Michoacán,Lazaro Cardenas,17.972546,-102.202334,Pendiente,,
Oxxo Recinto Portuario,Michoacán,Lazaro Cardenas,17.974223,-102.192213,Pendiente,,
PADTECH,Michoacán,Lazaro Cardenas,17.961649,-102.205229,Pendiente,,
Phone Xenter,Michoacán,Lazaro Cardenas,17.955856,-102.193043,Pendiente,,
PhonestoreLzc,Michoacán,Lazaro Cardenas,17.960513,-102.205298,Pendiente,,
Plaza Las Américas,Michoacán,Lazaro Cardenas,17.977188,-102.213575,Pendiente,,
Plaza Tabachines,Michoacán,Lazaro Cardenas,17.962664,-102.199744,Pendiente,,
Red Store Plaza Las Américas,Michoacán,Lazaro Cardenas,17.977852,-102.213989,Pendiente,,
Red Store servicio técnico especializado,Michoacán,Lazaro Cardenas,17.968791,-102.221619,Pendiente,,
ReparaTec,Michoacán,Lazaro Cardenas,17.9741,-102.209502,Pendiente,,
Reparacion de celulares y Computadoras eReparaDroid,Michoacán,Lazaro Cardenas,18.020112,-102.209862,Pendiente,,
Reparación de teléfonos celulares G-Tech,Michoacán,Lazaro Cardenas,18.003407,-102.245364,Pendiente,,
SIRIUM REPARACIÓN DE CELULARES,Michoacán,Lazaro Cardenas,17.99487,-102.22343,Pendiente,,
SISCOMTECH,Michoacán,Lazaro Cardenas,17.958434,-102.194456,Pendiente,,
SOAR MX,Michoacán,Lazaro Cardenas,17.961705,-102.205254,Pendiente,,
Servicio Tecnico De Smarphone Y Computadoras,Michoacán,Lazaro Cardenas,17.962748,-102.193464,Pendiente,,
Shop Innova,Michoacán,Lazaro Cardenas,17.967266,-102.21857,Pendiente,,
Steren Lázaro Cárdenas,Michoacán,Lazaro Cardenas,17.9613,-102.208562,Pendiente,,
TECHNO CELL,Michoacán,Lazaro Cardenas,17.971892,-102.218873,Pendiente,,
TECHNOLOGYCELL,Michoacán,Lazaro Cardenas,17.972778,-102.224718,Pendiente,,
TELCEL TECNOCEL,Michoacán,Lazaro Cardenas,17.963975,-102.215198,Pendiente,,
TEMO DEL RÍO,Michoacán,Lazaro Cardenas,17.974069,-102.226119,Pendiente,,
Tecnocel Fayuca. Distribuidor Autorizado Telcel,Michoacán,Lazaro Cardenas,17.95822,-102.192573,Pendiente,,
Telcel Distribuidor Autorizado,Michoacán,Lazaro Cardenas,17.955659,-102.193876,Pendiente,,
Telcel Lázaro Cárdenas,Michoacán,Lazaro Cardenas,17.961097,-102.204255,Pendiente,,
Telmex,Michoacán,Lazaro Cardenas,17.961403,-102.206255,Pendiente,,
USA STORE LZC,Michoacán,Lazaro Cardenas,17.971756,-102.208594,Pendiente,,
UnlockLzc,Michoacán,Lazaro Cardenas,17.95593,-102.193571,Pendiente,,
Updown Systems (Suc. Centro),Michoacán,Lazaro Cardenas,17.963327,-102.1953,Pendiente,,
Walmart Cd Lázaro Cárdenas,Michoacán,Lazaro Cardenas,17.978438,-102.212558,Pendiente,,
Zen Store LZC,Michoacán,Lazaro Cardenas,17.973563,-102.209078,Pendiente,,
iNice LZC,Michoacán,Lazaro Cardenas,17.97399,-102.216318,Pendiente,,
importcell,Michoacán,Lazaro Cardenas,17.957634,-102.193584,Pendiente,,
AT&T Plaza Copilco,Michoacán,Los Reyes de Salgado,19.588105,-102.469587,Pendiente,,
At&t Los Reyes,Michoacán,Los Reyes de Salgado,19.592117,-102.473381,Pendiente,,
Aurus boutique,Michoacán,Los Reyes de Salgado,19.589321,-102.473156,Pendiente,,
BIO-SYSTEM,Michoacán,Los Reyes de Salgado,19.590842,-102.478499,Pendiente,,
Bodega Aurrera,Michoacán,Los Reyes de Salgado,19.602312,-102.476955,Pendiente,,
CIBER ZONE,Michoacán,Los Reyes de Salgado,19.591452,-102.478688,Pendiente,,
CT TELMEX Los Reyes,Michoacán,Los Reyes de Salgado,19.58356,-102.465194,Pendiente,,
CheckPoint Games,Michoacán,Los Reyes de Salgado,19.594302,-102.475992,Pendiente,,
Chiki cell,Michoacán,Los Reyes de Salgado,19.594121,-102.474513,Pendiente,,
Compycel,Michoacán,Los Reyes de Salgado,19.593832,-102.472631,Pendiente,,
Compycel Bravo,Michoacán,Los Reyes de Salgado,19.587946,-102.472759,Pendiente,,
Compycel Los Reyes,Michoacán,Los Reyes de Salgado,19.592018,-102.473412,Pendiente,,
Compycel Salazar,Michoacán,Los Reyes de Salgado,19.589507,-102.473085,Pendiente,,
Coppel Los Reyes,Michoacán,Los Reyes de Salgado,19.599133,-102.474846,Pendiente,,
Credi7 - Los Reyes,Michoacán,Los Reyes de Salgado,19.592308,-102.473563,Pendiente,,
Cyber Express,Michoacán,Los Reyes de Salgado,19.587431,-102.46892,Pendiente,,
Driscoll's Los Reyes,Michoacán,Los Reyes de Salgado,19.609085,-102.486683,Pendiente,,
ELEKTRA LOS REYES MICHOACAN,Michoacán,Los Reyes de Salgado,19.594918,-102.47245,Pendiente,,
Ecomovil,Michoacán,Los Reyes de Salgado,19.588836,-102.474887,Pendiente,,
El Bodegón,Michoacán,Los Reyes de Salgado,19.588861,-102.47421,Pendiente,,
El Mundo Infantil,Michoacán,Los Reyes de Salgado,19.58803,-102.475285,Pendiente,,
El mundo infantil,Michoacán,Los Reyes de Salgado,19.592183,-102.473487,Pendiente,,
Electro-Cel,Michoacán,Los Reyes de Salgado,19.587925,-102.473733,Pendiente,,
GeraFixMobile,Michoacán,Los Reyes de Salgado,19.589745,-102.47246,Pendiente,,
Hospitalito BLODY,Michoacán,Los Reyes de Salgado,19.589667,-102.470508,Pendiente,,
Imprenta FENIX,Michoacán,Los Reyes de Salgado,19.588062,-102.475389,Pendiente,,
JAVII'S CELL,Michoacán,Los Reyes de Salgado,19.585664,-102.462839,Pendiente,,
KAPPA DELTA AUDIO,Michoacán,Los Reyes de Salgado,19.587764,-102.471677,Pendiente,,
La Pape Central,Michoacán,Los Reyes de Salgado,19.589969,-102.472562,Pendiente,,
MUEBLERÍA MEDINA.,Michoacán,Los Reyes de Salgado,19.588425,-102.475208,Pendiente,,
MarcyCell,Michoacán,Los Reyes de Salgado,19.586252,-102.473827,Pendiente,,
Mercado Municipal Los Reyes,Michoacán,Los Reyes de Salgado,19.588276,-102.473795,Pendiente,,
Merka Mags,Michoacán,Los Reyes de Salgado,19.58804,-102.4735,Pendiente,,
Michoacán calle 5,Michoacán,Los Reyes de Salgado,19.588105,-102.469587,Pendiente,,
Mobile Fix - Especialista en iPhone,Michoacán,Los Reyes de Salgado,19.589512,-102.471433,Pendiente,,
Modatelas Los Reyes,Michoacán,Los Reyes de Salgado,19.589931,-102.475161,Pendiente,,
OXXO LOS REYES MORELOS,Michoacán,Los Reyes de Salgado,19.583832,-102.466304,Pendiente,,
OXXO Los reyes libramiento,Michoacán,Los Reyes de Salgado,19.570489,-102.457566,Pendiente,,
Oxxo San Sebastián,Michoacán,Los Reyes de Salgado,19.577011,-102.479528,Pendiente,,
Oxxo la higuerita,Michoacán,Los Reyes de Salgado,19.611009,-102.480959,Pendiente,,
Papelería CECRINPS,Michoacán,Los Reyes de Salgado,19.591792,-102.473977,Pendiente,,
Plaza Los Reyes Michoacan,Michoacán,Los Reyes de Salgado,19.589855,-102.473891,Pendiente,,
Quiosco Plaza De Los Reyes,Michoacán,Los Reyes de Salgado,19.589413,-102.474202,Pendiente,,
Reparacion de Celulares Mascor,Michoacán,Los Reyes de Salgado,19.594321,-102.474768,Pendiente,,
Reparaciones Rodríguez,Michoacán,Los Reyes de Salgado,19.586137,-102.475646,Pendiente,,
Reparación de Celulares,Michoacán,Los Reyes de Salgado,19.588202,-102.472752,Pendiente,,
Reparación de celulares ST,Michoacán,Los Reyes de Salgado,19.589963,-102.475284,Pendiente,,
Reparaciónes Rodriguez Duarte,Michoacán,Los Reyes de Salgado,19.584448,-102.478198,Pendiente,,
SKY VETV,Michoacán,Los Reyes de Salgado,19.59485,-102.476656,Pendiente,,
SMART TECHNOLOGY H,Michoacán,Los Reyes de Salgado,19.590008,-102.472546,Pendiente,,
ServiceMobile,Michoacán,Los Reyes de Salgado,19.58644,-102.472132,Pendiente,,
Servicio tecnico y microsoldadura reparación de celulares tabletas y bocinas amplificadas,Michoacán,Los Reyes de Salgado,19.587901,-102.471672,Pendiente,,
TECNOPOLIS del centro,Michoacán,Los Reyes de Salgado,19.593634,-102.470326,Pendiente,,
TELCEL 16 DE SEPTIEMBRE,Michoacán,Los Reyes de Salgado,19.596222,-102.471493,Pendiente,,
Tecnópolis La Higuerita,Michoacán,Los Reyes de Salgado,19.618024,-102.484683,Pendiente,,
Telcel,Michoacán,Los Reyes de Salgado,19.589903,-102.474465,Pendiente,,
Telmex,Michoacán,Los Reyes de Salgado,19.589926,-102.474581,Pendiente,,
Tenis Davis,Michoacán,Los Reyes de Salgado,19.593972,-102.468904,Pendiente,,
Tienda wizz Los Reyes Mich,Michoacán,Los Reyes de Salgado,19.590745,-102.472943,Pendiente,,
Tiendas 3B,Michoacán,Los Reyes de Salgado,19.58612,-102.472499,Pendiente,,
Tnd los reyes,Michoacán,Los Reyes de Salgado,19.589164,-102.471551,Pendiente,,
Tu Gorra,Michoacán,Los Reyes de Salgado,19.585495,-102.472687,Pendiente,,
Vento Motorcycles U.S.A Los Reyes Michoacan,Michoacán,Los Reyes de Salgado,19.594369,-102.472935,Pendiente,,
Vulcanizadora Arguello,Michoacán,Los Reyes de Salgado,19.584916,-102.469564,Pendiente,,
Waldo's Los Reyes Centro (MICH),Michoacán,Los Reyes de Salgado,19.590841,-102.472218,Pendiente,,
Ysagro Los Reyes,Michoacán,Los Reyes de Salgado,19.574339,-102.480522,Pendiente,,
llantera Y Vulcanizadora Jalisco,Michoacán,Los Reyes de Salgado,19.581378,-102.476761,Pendiente,,
reparacion de celulares Sanchez,Michoacán,Los Reyes de Salgado,19.075894,-102.543188,Pendiente,,
zamora michoacan,Michoacán,Los Reyes de Salgado,19.588105,-102.469587,Pendiente,,
Accesorios AR,Michoacán,Maravatio,19.892483,-100.441936,Pendiente,,
Accesorios y Reparaciones Mugiwara,Michoacán,Maravatio,19.900386,-100.445193,Pendiente,,
Armario de Venus,Michoacán,Maravatio,19.898766,-100.445862,Pendiente,,
CELL STORE,Michoacán,Maravatio,19.89175,-100.439164,Pendiente,,
COMPUZAR MARAVATIO,Michoacán,Maravatio,19.892436,-100.443883,Pendiente,,
Casa Rocha,Michoacán,Maravatio,19.898453,-100.449776,Pendiente,,
Caseta Reparación de Celulares,Michoacán,Maravatio,19.889805,-100.442995,Pendiente,,
Celex Maravatío,Michoacán,Maravatio,19.898761,-100.446601,Pendiente,,
Cell Service Mart,Michoacán,Maravatio,19.887699,-100.445932,Pendiente,,
Cell Tech Mravatio,Michoacán,Maravatio,19.888579,-100.445775,Pendiente,,
"Celulares & Accesorios La ""Ermita""",Michoacán,Maravatio,19.885415,-100.448635,Pendiente,,
Ciber Bullis,Michoacán,Maravatio,19.893529,-100.443344,Pendiente,,
Coppel Libramiento,Michoacán,Maravatio,19.888429,-100.440268,Pendiente,,
Coppel Motos Maravatio,Michoacán,Maravatio,19.891766,-100.438871,Pendiente,,
"Creando tu diseño Maravatio,Mich",Michoacán,Maravatio,19.900715,-100.446246,Pendiente,,
Crispiphones,Michoacán,Maravatio,19.890244,-100.439664,Pendiente,,
Código Binario Maravatío,Michoacán,Maravatio,19.89094,-100.44399,Pendiente,,
El Bodegón,Michoacán,Maravatio,19.890427,-100.443216,Pendiente,,
El Malekon de Maravatio,Michoacán,Maravatio,19.889297,-100.442703,Pendiente,,
El Malekon de Maravatio Azul,Michoacán,Maravatio,19.894641,-100.446926,Pendiente,,
Elektra,Michoacán,Maravatio,19.892082,-100.439955,Pendiente,,
Entregando Amor,Michoacán,Maravatio,19.892143,-100.446058,Pendiente,,
Excellencell,Michoacán,Maravatio,19.892011,-100.441799,Pendiente,,
F0X MARAVATÍO,Michoacán,Maravatio,19.896106,-100.448528,Pendiente,,
FERRETERIA FEMOR,Michoacán,Maravatio,19.896142,-100.444475,Pendiente,,
Fresas de maravatio,Michoacán,Maravatio,19.909959,-100.442928,Pendiente,,
Fresty Maravatío Centro,Michoacán,Maravatio,19.889816,-100.442469,Pendiente,,
Galaxcel S.A. de C.V.,Michoacán,Maravatio,19.892411,-100.443199,Pendiente,,
Gersa Maravatio,Michoacán,Maravatio,19.898676,-100.450485,Pendiente,,
HFMCELL,Michoacán,Maravatio,19.894284,-100.449467,Pendiente,,
Hanna en línea,Michoacán,Maravatio,19.89602,-100.44336,Pendiente,,
I-WiFi,Michoacán,Maravatio,19.889808,-100.442956,Pendiente,,
Impresión Digital Maravatío,Michoacán,Maravatio,19.893505,-100.443103,Pendiente,,
Jacel,Michoacán,Maravatio,19.891773,-100.438791,Pendiente,,
Jacs Comunicaciones,Michoacán,Maravatio,19.89177,-100.438823,Pendiente,,
Laboratorio Del Celular,Michoacán,Maravatio,19.892825,-100.443234,Pendiente,,
Laboratorio En Telefonia movil Y Dispositivos Mobiles,Michoacán,Maravatio,19.879218,-100.452558,Pendiente,,
MICROCEL,Michoacán,Maravatio,19.898051,-100.440896,Pendiente,,
Maravatio Shop 📑Instituto✍️,Michoacán,Maravatio,19.892077,-100.44313,Pendiente,,
Materias Primas El Chef,Michoacán,Maravatio,19.894682,-100.447023,Pendiente,,
Mega Cable,Michoacán,Maravatio,19.891338,-100.445671,Pendiente,,
Mi Bodega Aurrera Maravatio,Michoacán,Maravatio,19.888469,-100.439886,Pendiente,,
Milano Maravatío,Michoacán,Maravatio,19.891919,-100.439306,Pendiente,,
Modatelas Maravatio,Michoacán,Maravatio,19.892292,-100.440393,Pendiente,,
Montoneras Donas Maravatio,Michoacán,Maravatio,19.8932,-100.445751,Pendiente,,
Movil-Comunicación Portal.Distribuidor Autorizado Telcel,Michoacán,Maravatio,19.892224,-100.443123,Pendiente,,
OXXO Rancho La Huerta TLC,Michoacán,Maravatio,19.894149,-100.451094,Pendiente,,
Oxxo,Michoacán,Maravatio,19.896365,-100.444392,Pendiente,,
Oxxo,Michoacán,Maravatio,19.903238,-100.453685,Pendiente,,
Oxxo Maravatio Norte,Michoacán,Maravatio,19.908933,-100.455125,Pendiente,,
PAULINA Artículos de Oficina y Papelería,Michoacán,Maravatio,19.899354,-100.446975,Pendiente,,
PUBLICIDAD EL DISEÑO,Michoacán,Maravatio,19.889806,-100.442994,Pendiente,,
Papeleria La Escolar,Michoacán,Maravatio,19.892825,-100.443234,Pendiente,,
Pixely,Michoacán,Maravatio,19.890931,-100.427931,Pendiente,,
RM Unlock Repair,Michoacán,Maravatio,19.897639,-100.451462,Pendiente,,
Refaccionaria Juarez,Michoacán,Maravatio,19.890519,-100.437207,Pendiente,,
Refaccionaria Morgan,Michoacán,Maravatio,19.898165,-100.450083,Pendiente,,
Runtime WiFi,Michoacán,Maravatio,19.893508,-100.442953,Pendiente,,
SOFITECH MARAVATÍO,Michoacán,Maravatio,19.897032,-100.449874,Pendiente,,
SUPERMERCADO EL REGALO DE DIOS,Michoacán,Maravatio,19.894141,-100.442677,Pendiente,,
Súper Santa Fe,Michoacán,Maravatio,19.890741,-100.441181,Pendiente,,
TELCEL CELULARES Y ACCESORIOS,Michoacán,Maravatio,19.892186,-100.442518,Pendiente,,
Taller de Reparación RefriRAK,Michoacán,Maravatio,19.895608,-100.448062,Pendiente,,
Telcel,Michoacán,Maravatio,19.896322,-100.448412,Pendiente,,
Telcel ( Distribuidor Galaxcel),Michoacán,Maravatio,19.89247,-100.442669,Pendiente,,
Telecom Telégrafos,Michoacán,Maravatio,19.891223,-100.443368,Pendiente,,
Tenis Americano Luc-ian,Michoacán,Maravatio,19.882838,-100.448546,Pendiente,,
Tiendas 3B Maravatío 1,Michoacán,Maravatio,19.891728,-100.441377,Pendiente,,
Tiendas 3B Maravatío 4,Michoacán,Maravatio,19.89554,-100.445753,Pendiente,,
Tiremich Vulcanizadora móvil,Michoacán,Maravatio,19.905055,-100.455152,Pendiente,,
VIDRERIA VINTEX TRABAJOS RESIDENCIALES,Michoacán,Maravatio,19.895798,-100.448192,Pendiente,,
Vulcanizadora Car,Michoacán,Maravatio,19.911046,-100.46017,Pendiente,,
reparación celular oppyx,Michoacán,Maravatio,19.886557,-100.447118,Pendiente,,
🔧 Gakon Tecnologías💻,Michoacán,Maravatio,19.890928,-100.427927,Pendiente,,
AS Accesorios,Michoacán,Morelia,19.683075,-101.180715,Pendiente,,
AT&T,Michoacán,Morelia,19.694839,-101.167177,Pendiente,,
AT&T,Michoacán,Morelia,19.675203,-101.162267,Pendiente,,
AT&T,Michoacán,Morelia,19.702822,-101.186255,Pendiente,,
AT&T,Michoacán,Morelia,19.682605,-101.167651,Pendiente,,
AT&T,Michoacán,Morelia,19.689953,-101.172059,Pendiente,,
AT&T,Michoacán,Morelia,19.700994,-101.191864,Pendiente,,
AT&T,Michoacán,Morelia,19.698533,-101.176779,Pendiente,,
AT&T Escala la Huerta,Michoacán,Morelia,19.678531,-101.220093,Pendiente,,
Accescell,Michoacán,Morelia,19.700333,-101.159264,Pendiente,,
Accesorios VM,Michoacán,Morelia,19.689581,-101.170282,Pendiente,,
Accesorios VM servicentro,Michoacán,Morelia,19.682662,-101.180029,Pendiente,,
"Accesorios Y Colisiones De Morelia, S.A. De C.V.",Michoacán,Morelia,19.708958,-101.168796,Pendiente,,
Accser,Michoacán,Morelia,19.776445,-101.13063,Pendiente,,
As Accesorios Centro,Michoacán,Morelia,19.701016,-101.191499,Visitado,Antonio Arias,2026-08-24
BMóvil,Michoacán,Morelia,19.695776,-101.187381,Visitado,Antonio Arias,2026-08-18
BYA accesorios,Michoacán,Morelia,19.684889,-101.198722,Pendiente,,
Belka,Michoacán,Morelia,19.682073,-101.179205,Pendiente,,
Broker Phone MX,Michoacán,Morelia,19.682283,-101.179521,Pendiente,,
C STORE,Michoacán,Morelia,19.682206,-101.18108,Pendiente,,
CAC TELCEL Las Américas,Michoacán,Morelia,19.689891,-101.159015,Pendiente,,
CC Movil,Michoacán,Morelia,19.700786,-101.191296,Pendiente,,
CELULAR GOLD,Michoacán,Morelia,19.689581,-101.160691,Pendiente,,
CELULAR ONE - MORELIA-TELCEL,Michoacán,Morelia,19.693656,-101.190707,Pendiente,,
CIBER CIMA,Michoacán,Morelia,19.694708,-101.289336,Pendiente,,
Casa de Empeño Fundación Dondé,Michoacán,Morelia,19.702625,-101.204146,Pendiente,,
Casa de Empeño Fundación Dondé,Michoacán,Morelia,19.701375,-101.191215,Pendiente,,
CaseHome Accesorios para telefonía celular,Michoacán,Morelia,19.701767,-101.19079,Pendiente,,
Caseta telefónica,Michoacán,Morelia,19.69838,-101.189831,Pendiente,,
Celulalex Morelia,Michoacán,Morelia,19.702802,-101.184825,Pendiente,,
Celulares Andy,Michoacán,Morelia,19.702159,-101.189843,Pendiente,,
Celulares.Michoacan..,Michoacán,Morelia,19.701813,-101.187802,Visitado,Antonio Arias,2026-08-20
Central de Controles Remotos (Sucursal),Michoacán,Morelia,19.70098,-101.191481,Pendiente,,
Centro de Activación Celular,Michoacán,Morelia,19.695745,-101.190946,Visitado,Antonio Arias,2026-08-22
"Ciber Mark-PC, Soluciones para TI",Michoacán,Morelia,19.701807,-101.229148,Pendiente,,
CiberCompras periodismo,Michoacán,Morelia,19.69326,-101.221672,Pendiente,,
Click Reparaciones y Accesorios,Michoacán,Morelia,19.709131,-101.167833,Pendiente,,
Compu Alex,Michoacán,Morelia,19.709609,-101.178065,Pendiente,,
Credifon mx,Michoacán,Morelia,19.705257,-101.189635,Pendiente,,
Display Cel,Michoacán,Morelia,19.732852,-101.181792,Pendiente,,
Display Morelia,Michoacán,Morelia,19.693503,-101.176817,Pendiente,,
Display Savers,Michoacán,Morelia,19.684727,-101.188051,Pendiente,,
DomiTec,Michoacán,Morelia,19.694209,-101.190739,Pendiente,,
Dr Cell,Michoacán,Morelia,19.65402,-101.279478,Pendiente,,
Dragoncell,Michoacán,Morelia,19.701488,-101.190463,Pendiente,,
ELEKTRA MORELIA TORREON NUEVO,Michoacán,Morelia,19.738528,-101.199563,Pendiente,,
Ecocel,Michoacán,Morelia,19.705323,-101.195746,Pendiente,,
El Rey del Bafle,Michoacán,Morelia,19.700905,-101.191282,Pendiente,,
Elektra,Michoacán,Morelia,19.704759,-101.184078,Pendiente,,
Empeño Fácil Morelia La Huerta,Michoacán,Morelia,19.684592,-101.216048,Pendiente,,
Experto Telcel,Michoacán,Morelia,19.697578,-101.194152,Pendiente,,
FER Electronics Sucursal Alzate 42,Michoacán,Morelia,19.700835,-101.191093,Pendiente,,
FER Electronics Sucursal Plaza de la Tecnología Local 30,Michoacán,Morelia,19.701639,-101.1909,Pendiente,,
FRAGA Electronica,Michoacán,Morelia,19.702702,-101.190263,Pendiente,,
Fix Movil,Michoacán,Morelia,19.701729,-101.206395,Pendiente,,
Fix mobile,Michoacán,Morelia,19.69347,-101.190486,Pendiente,,
Fixcell,Michoacán,Morelia,19.703998,-101.194521,Pendiente,,
Fixprime,Michoacán,Morelia,19.692532,-101.192707,Pendiente,,
Flip Flop Las Americas,Michoacán,Morelia,19.688653,-101.156642,Pendiente,,
Flip-Flop,Michoacán,Morelia,19.701258,-101.190837,Pendiente,,
Fotomecánica Bolaños,Michoacán,Morelia,19.686542,-101.173188,Pendiente,,
GENGXIN MORELIA,Michoacán,Morelia,19.710388,-101.197768,Pendiente,,
Galaxcel Sa De Cv,Michoacán,Morelia,19.701102,-101.193656,Visitado,Antonio Arias,2026-08-24
Glass pro altozano y The king moda,Michoacán,Morelia,19.667595,-101.166736,Pendiente,,
Glass pro y The king moda,Michoacán,Morelia,19.686801,-101.210895,Pendiente,,
Glass pro y the king moda Artilleros,Michoacán,Morelia,19.689494,-101.160248,Pendiente,,
Gorilla Case Metro Accesorios Para Celulares,Michoacán,Morelia,19.752045,-101.19887,Pendiente,,
Granjas Cel,Michoacán,Morelia,19.715274,-101.193587,Pendiente,,
Gs Digital,Michoacán,Morelia,19.692366,-101.193776,Pendiente,,
H.R.Movil,Michoacán,Morelia,19.75563,-101.203373,Pendiente,,
INNOVACELL,Michoacán,Morelia,19.690062,-101.161726,Pendiente,,
Infinitum Movil Wi-Fi - Internet Gratis,Michoacán,Morelia,19.704469,-101.193324,Pendiente,,
Instalcell Morelia,Michoacán,Morelia,19.685168,-101.190817,Pendiente,,
Instalcell Morelia,Michoacán,Morelia,19.69691,-101.175909,Pendiente,,
Kreater Store,Michoacán,Morelia,19.696922,-101.237566,Pendiente,,
LEXDA ACCESORIOS PARA CELULAR,Michoacán,Morelia,19.701203,-101.187915,Visitado,Antonio Arias,2026-08-07
Liverpool,Michoacán,Morelia,19.68887,-101.158155,Pendiente,,
Local,Michoacán,Morelia,19.691041,-101.226505,Pendiente,,
MOVI-L,Michoacán,Morelia,19.698935,-101.158977,Pendiente,,
MULTICENTRO REPARACIONES Y ACCESORIOS PARA CELULAR,Michoacán,Morelia,19.721425,-101.1892,Pendiente,,
MacStore Morelia,Michoacán,Morelia,19.674083,-101.164127,Pendiente,,
Macropay Estadio Morelia,Michoacán,Morelia,19.728396,-101.222833,Pendiente,,
Marwixcell Plaza mi Tianguis,Michoacán,Morelia,19.695819,-101.190357,Visitado,Antonio Arias,2026-08-25
Mascotas Eedenchihuahuas,Michoacán,Morelia,19.731897,-101.234983,Pendiente,,
MedicalPhone,Michoacán,Morelia,19.69695,-101.25465,Pendiente,,
"Mextel Telefonia Celular, S.a. De C.v.",Michoacán,Morelia,19.688272,-101.16859,Pendiente,,
Mg Comunicaciones .Distribuidor Autorizado Telcel,Michoacán,Morelia,19.695463,-101.187856,Visitado,Antonio Arias,2026-08-10
Micro House Morelia,Michoacán,Morelia,19.68759,-101.150429,Pendiente,,
Miguelito's Cell,Michoacán,Morelia,19.704193,-101.18748,Pendiente,,
Mixup Plaza Espacio las Américas,Michoacán,Morelia,19.68887,-101.158155,Pendiente,,
Mobile Express,Michoacán,Morelia,19.701014,-101.190967,Pendiente,,
Mobile Repair,Michoacán,Morelia,19.701,-101.190993,Pendiente,,
Movrepm Telefonia Celular,Michoacán,Morelia,19.70805,-101.183504,Pendiente,,
Multicell,Michoacán,Morelia,19.709481,-101.226537,Pendiente,,
Móvil -Tech,Michoacán,Morelia,19.681656,-101.173395,Pendiente,,
Móvil Plus Distribuidor Autorizado Telcel,Michoacán,Morelia,19.687828,-101.230806,Pendiente,,
Oh My Case Accesorios,Michoacán,Morelia,19.692085,-101.190739,Pendiente,,
One Click Accesorios,Michoacán,Morelia,19.70121,-101.188407,Visitado,Antonio Arias,2026-08-21
PC&CELL,Michoacán,Morelia,19.681992,-101.179301,Pendiente,,
Pingűi Cell,Michoacán,Morelia,19.731411,-101.199526,Visitado,Antonio Arias,2026-08-26
Play Morelia Taller de Computadoras Y Celulares,Michoacán,Morelia,19.705021,-101.174035,Pendiente,,
Plaza Comercial MiTianguis,Michoacán,Morelia,19.695756,-101.190356,Visitado,Antonio Arias,2026-08-20
Plaza Fiesta Camelinas,Michoacán,Morelia,19.68214,-101.180384,Pendiente,,
Plaza Las Americas Morelia,Michoacán,Morelia,19.689272,-101.157815,Pendiente,,
Plaza U,Michoacán,Morelia,19.686926,-101.210713,Pendiente,,
Plaza de la Tecnología Morelia,Michoacán,Morelia,19.701784,-101.190918,Visitado,Antonio Arias,2026-08-22
Plaza de la tecnología,Michoacán,Morelia,19.701251,-101.190319,Visitado,Antonio Arias,2026-08-25
Power Cel,Michoacán,Morelia,19.706278,-101.184173,Pendiente,,
PradoCel,Michoacán,Morelia,19.718208,-101.200544,Pendiente,,
REP-DUO,Michoacán,Morelia,19.668801,-101.199214,Pendiente,,
RayoCEL,Michoacán,Morelia,19.701014,-101.190967,Pendiente,,
Rc movil,Michoacán,Morelia,19.70214,-101.166202,Pendiente,,
Repair Phone Camelinas,Michoacán,Morelia,19.683763,-101.174365,Pendiente,,
Repair Store,Michoacán,Morelia,19.696648,-101.190425,Visitado,Antonio Arias,2026-08-22
Reparaciones ElectroSoul,Michoacán,Morelia,19.698933,-101.191339,Pendiente,,
Reparaciones de celulares tijeras,Michoacán,Morelia,19.707025,-101.161046,Pendiente,,
Reparación De Celulares Prados,Michoacán,Morelia,19.719086,-101.200506,Pendiente,,
Reparación De Celulares “iRepair”,Michoacán,Morelia,19.745825,-101.203308,Pendiente,,
Reparación de Celulares,Michoacán,Morelia,19.704428,-101.225107,Pendiente,,
Reparación de Celulares en Morelia CORONA REPARACELL,Michoacán,Morelia,19.698023,-101.253899,Pendiente,,
Reparación de celulares Pedregal,Michoacán,Morelia,19.707601,-101.215411,Pendiente,,
"Reparación y Accesorios para celulares ""Campestre del Vergel""",Michoacán,Morelia,19.671995,-101.240037,Pendiente,,
Reparatel,Michoacán,Morelia,19.702781,-101.196565,Pendiente,,
SMART HOUSE,Michoacán,Morelia,19.687392,-101.212252,Pendiente,,
SMART HOUSE CENTRO,Michoacán,Morelia,19.702756,-101.186691,Visitado,Antonio Arias,2026-08-20
SMART HOUSE PONIENTE,Michoacán,Morelia,19.687314,-101.294644,Pendiente,,
SPAAM,Michoacán,Morelia,19.696918,-101.175889,Pendiente,,
SUMITEL ALZATE,Michoacán,Morelia,19.700875,-101.191181,Pendiente,,
SUMITEL | Morelia Mendoza,Michoacán,Morelia,19.701443,-101.19054,Pendiente,,
Salinas Y Rocha,Michoacán,Morelia,19.70267,-101.186371,Pendiente,,
Samsung Experience Store | Las Américas Morelia,Michoacán,Morelia,19.68887,-101.158155,Pendiente,,
Service House Tech,Michoacán,Morelia,19.70089,-101.191498,Pendiente,,
"Servicio Tecnico y Microsoldadura, Reparación de celulares tabletas y bocinas amplificadas",Michoacán,Morelia,19.691882,-101.253439,Pendiente,,
Servitel Boulevart Garcia De Leon.Distribuidor Autorizado Telcel,Michoacán,Morelia,19.690438,-101.171335,Pendiente,,
Sitec Morelia,Michoacán,Morelia,19.701048,-101.191501,Visitado,Antonio Arias,2026-08-07
Smartfone,Michoacán,Morelia,19.698747,-101.177306,Pendiente,,
Smartfone,Michoacán,Morelia,19.68735,-101.150317,Pendiente,,
SofTech,Michoacán,Morelia,19.695888,-101.192375,Visitado,Antonio Arias,2026-08-22
Solutec - Especialistas en microsoldadura,Michoacán,Morelia,19.700645,-101.191362,Pendiente,,
Sona libre,Michoacán,Morelia,19.695881,-101.192621,Visitado,Antonio Arias,2026-08-22
Soporte Morelia,Michoacán,Morelia,19.708234,-101.176573,Pendiente,,
Starphons,Michoacán,Morelia,19.732714,-101.205588,Pendiente,,
Steren Shop Plaza Escala Morelia,Michoacán,Morelia,19.687446,-101.151133,Pendiente,,
Stylephone,Michoacán,Morelia,19.701604,-101.190894,Pendiente,,
TC ISolutions Estadio,Michoacán,Morelia,19.724216,-101.23001,Pendiente,,
TC iSolutions,Michoacán,Morelia,19.723622,-101.222586,Pendiente,,
TELECOMUNICACIONES MORELIA,Michoacán,Morelia,19.694143,-101.163034,Pendiente,,
TODO TOUCH AY&B MORELIA,Michoacán,Morelia,19.700889,-101.190827,Pendiente,,
Tablon cel,Michoacán,Morelia,19.700973,-101.190624,Visitado,Antonio Arias,2026-08-18
TechPeople México,Michoacán,Morelia,19.68941,-101.158645,Pendiente,,
TechShop Sucursal Alzate 14A,Michoacán,Morelia,19.700884,-101.191383,Pendiente,,
TecnoCel,Michoacán,Morelia,19.778655,-101.129892,Pendiente,,
Telcel,Michoacán,Morelia,19.701216,-101.188963,Visitado,Antonio Arias,2026-08-25
Telcel,Michoacán,Morelia,19.703232,-101.197089,Pendiente,,
Telcel,Michoacán,Morelia,19.681498,-101.185827,Pendiente,,
Telcel,Michoacán,Morelia,19.721338,-101.169597,Pendiente,,
Telcel,Michoacán,Morelia,19.698284,-101.199518,Pendiente,,
Telefonia Axcell,Michoacán,Morelia,19.700516,-101.190292,Visitado,Antonio Arias,2026-08-21
Teléfonos & Accesorios Vázquez,Michoacán,Morelia,19.700974,-101.190726,Pendiente,,
Tienda de Electrónica FER Electronics Vicente Sta María,Michoacán,Morelia,19.701186,-101.187785,Pendiente,,
Touch Store México,Michoacán,Morelia,19.700982,-101.188347,Pendiente,,
Una tienda de gorras,Michoacán,Morelia,19.667301,-101.177909,Pendiente,,
Venta De Accesorios De Celular,Michoacán,Morelia,19.702955,-101.186043,Pendiente,,
Walmart,Michoacán,Morelia,19.679791,-101.21992,Pendiente,,
Xelular Morelia,Michoacán,Morelia,19.688661,-101.188078,Pendiente,,
ZIPPYCENTER REPARACIONES Y ACCESORIOS PARA CELULAR,Michoacán,Morelia,19.688545,-101.186462,Pendiente,,
ZV SOLUTIONS,Michoacán,Morelia,19.701604,-101.190894,Pendiente,,
iApple,Michoacán,Morelia,19.67694,-101.190066,Pendiente,,
iCartech Morelia,Michoacán,Morelia,19.687935,-101.168907,Visitado,Antonio Arias,2026-08-11
iRepair,Michoacán,Morelia,19.67436,-101.21227,Pendiente,,
iShop Mixup Morelia,Michoacán,Morelia,19.688975,-101.158174,Pendiente,,
icare reparación de celulares,Michoacán,Morelia,19.690371,-101.161508,Pendiente,,
massmobil,Michoacán,Morelia,19.701984,-101.18759,Pendiente,,
reparacion y mantenimiento de electrónicos,Michoacán,Morelia,19.699071,-101.176612,Pendiente,,
starcover,Michoacán,Morelia,19.701575,-101.190854,Pendiente,,
#ASHTAG,Michoacán,Nahuatzen,19.423808,-102.060701,Pendiente,,
ABARROTES CARMELITA,Michoacán,Nahuatzen,19.656567,-101.918066,Pendiente,,
ACCESORIOS PARA CELULARES,Michoacán,Nahuatzen,19.406785,-101.636049,Pendiente,,
ALVAMEX PINTURAS NAHUATZEN,Michoacán,Nahuatzen,19.654328,-101.920485,Pendiente,,
"Abarrotes ""TINA""",Michoacán,Nahuatzen,19.657044,-101.914581,Pendiente,,
Abarrotes Graciela,Michoacán,Nahuatzen,19.654179,-101.919292,Pendiente,,
Abarrotes Super Nahuay,Michoacán,Nahuatzen,19.65602,-101.917005,Pendiente,,
Abarrotes Super Nahuay,Michoacán,Nahuatzen,19.656007,-101.916992,Pendiente,,
Accesorios y novedades del centro,Michoacán,Nahuatzen,20.14537,-101.675752,Pendiente,,
BOMER Super,Michoacán,Nahuatzen,19.651343,-101.917278,Pendiente,,
Beli town,Michoacán,Nahuatzen,19.657165,-101.916699,Pendiente,,
Blancos para el hogar HS,Michoacán,Nahuatzen,19.649819,-101.914791,Pendiente,,
Bomer Super,Michoacán,Nahuatzen,19.654617,-101.91596,Pendiente,,
CAP CA,Michoacán,Nahuatzen,19.65739,-101.922267,Pendiente,,
CENTRO DE ATENCION (TELCEL),Michoacán,Nahuatzen,19.739079,-102.079529,Pendiente,,
Celular,Michoacán,Nahuatzen,19.65195,-101.912257,Pendiente,,
Ciber Argon,Michoacán,Nahuatzen,19.654865,-101.915609,Pendiente,,
Ciber Azul,Michoacán,Nahuatzen,19.653583,-101.916864,Pendiente,,
Ciber Elsec,Michoacán,Nahuatzen,19.592482,-102.002488,Pendiente,,
Creaciones Y Estambres Enva,Michoacán,Nahuatzen,19.656964,-101.915368,Pendiente,,
Cuyacel Todo en Tecnología,Michoacán,Nahuatzen,19.969448,-103.523425,Pendiente,,
Decants nahuatzen,Michoacán,Nahuatzen,19.654714,-101.92235,Pendiente,,
Diconsa,Michoacán,Nahuatzen,19.656812,-101.915385,Pendiente,,
Didy's Tenis y Más.,Michoacán,Nahuatzen,19.654239,-101.918582,Pendiente,,
Dos Hermanos,Michoacán,Nahuatzen,19.655082,-101.917009,Pendiente,,
El Charquito,Michoacán,Nahuatzen,19.649786,-101.917163,Pendiente,,
El mini súper,Michoacán,Nahuatzen,19.660149,-101.916048,Pendiente,,
Elizabeth Boutique,Michoacán,Nahuatzen,19.653855,-101.917032,Pendiente,,
Espacio Digital Accesorios Y Trabajos Digitales,Michoacán,Nahuatzen,19.647783,-102.049724,Pendiente,,
Farmacias de Similares,Michoacán,Nahuatzen,19.654269,-101.918446,Pendiente,,
"Ferremateriales ""La Guadalupana""",Michoacán,Nahuatzen,19.652626,-101.914024,Pendiente,,
Ferreteria Vidrios y Aluminios ARIEL,Michoacán,Nahuatzen,19.653908,-101.919959,Pendiente,,
Ferretería Truper,Michoacán,Nahuatzen,19.654379,-101.920998,Pendiente,,
Florería Lupita,Michoacán,Nahuatzen,19.654298,-101.919626,Pendiente,,
Gasolinera Nahuatzen,Michoacán,Nahuatzen,19.656234,-101.926942,Pendiente,,
Hospital de Celulares NWY,Michoacán,Nahuatzen,19.653921,-101.917639,Pendiente,,
ISEE Tienda de Material Eléctrico y Electromecánico,Michoacán,Nahuatzen,19.654445,-101.918549,Pendiente,,
LA COPIA CENTRO DE COPIADO NAHUATZEN,Michoacán,Nahuatzen,19.654373,-101.918647,Pendiente,,
LLANTERA CHAVA,Michoacán,Nahuatzen,19.654825,-101.922974,Pendiente,,
LaDubai Abarrotes Nahuatzen,Michoacán,Nahuatzen,19.654201,-101.917395,Pendiente,,
Loza y ceramica Chelito,Michoacán,Nahuatzen,19.652385,-101.917108,Pendiente,,
Maderas y Triplay,Michoacán,Nahuatzen,19.654818,-101.923113,Pendiente,,
MasterCell,Michoacán,Nahuatzen,18.686673,-103.664187,Pendiente,,
Materiales Justicia Social Nahuatzen,Michoacán,Nahuatzen,19.655143,-101.919199,Pendiente,,
Materiales el Calero,Michoacán,Nahuatzen,19.658297,-101.916936,Pendiente,,
Mobitt Telcel - Coahuayana Ejido,Michoacán,Nahuatzen,18.753384,-103.665964,Pendiente,,
Mueblería nahuatzen,Michoacán,Nahuatzen,19.653125,-101.912437,Pendiente,,
NOVEDADES CECY,Michoacán,Nahuatzen,19.654293,-101.919552,Pendiente,,
NOVEDADES LILY,Michoacán,Nahuatzen,19.654293,-101.919641,Pendiente,,
Novedades zamudio,Michoacán,Nahuatzen,19.649941,-101.918338,Pendiente,,
Novedades zamudio 01,Michoacán,Nahuatzen,19.655333,-101.919407,Pendiente,,
Pagos Nahuatzen,Michoacán,Nahuatzen,19.656282,-101.921639,Pendiente,,
Papeleria Itzel,Michoacán,Nahuatzen,19.657819,-101.91538,Pendiente,,
Papeleria Jokridax,Michoacán,Nahuatzen,19.655158,-101.916104,Pendiente,,
Papelería Ciber Marisol,Michoacán,Nahuatzen,19.654524,-101.919791,Pendiente,,
Papelería Victoria,Michoacán,Nahuatzen,19.649925,-101.917154,Pendiente,,
Plaza camelinas,Michoacán,Nahuatzen,19.654383,-101.918195,Pendiente,,
REPARACION DE CELULARES UNLOCKTOOL,Michoacán,Nahuatzen,19.654442,-101.917711,Pendiente,,
"Rectificaciones y refacciones ""tito""",Michoacán,Nahuatzen,19.655187,-101.919786,Pendiente,,
Reparación de Celulares,Michoacán,Nahuatzen,19.505847,-101.767713,Pendiente,,
Surtido para fiesta,Michoacán,Nahuatzen,19.655143,-101.914557,Pendiente,,
"TAQUERIA EL ""ATORON""",Michoacán,Nahuatzen,19.655166,-101.919231,Pendiente,,
TECNO FASHION ZDR,Michoacán,Nahuatzen,20.467396,-102.925505,Pendiente,,
TIENDA VAQUERA HRNS RODRIGUEZ,Michoacán,Nahuatzen,19.653708,-101.91808,Pendiente,,
Tacos el güero,Michoacán,Nahuatzen,19.65455,-101.916912,Pendiente,,
Tecno Cell,Michoacán,Nahuatzen,19.376549,-102.043997,Pendiente,,
Tienda Bienestar Nahuatzen,Michoacán,Nahuatzen,19.656838,-101.92026,Pendiente,,
Tienda de Teto,Michoacán,Nahuatzen,19.425626,-102.060644,Pendiente,,
Todo en pañales desechables,Michoacán,Nahuatzen,19.654036,-101.914703,Pendiente,,
"Tortilleria ""El GUERO""",Michoacán,Nahuatzen,19.656253,-101.913956,Pendiente,,
Uaxan,Michoacán,Nahuatzen,19.656757,-101.918414,Pendiente,,
Up Tech,Michoacán,Nahuatzen,19.334269,-101.916881,Pendiente,,
"VIDRIERIA ""RAMUCO""",Michoacán,Nahuatzen,19.655001,-101.920761,Pendiente,,
Valfer accesorios,Michoacán,Nahuatzen,19.420084,-102.062968,Pendiente,,
Zona Naranja Mercado Tariacuri,Michoacán,Nahuatzen,19.420727,-102.060632,Pendiente,,
abarrotes Panchito,Michoacán,Nahuatzen,19.650604,-101.911654,Pendiente,,
Accesorios Torres,Michoacán,Nueva Italia,19.015099,-102.096527,Pendiente,,
Araysa Market | Tienda en linea | Compra y Vende Todo lo que quieras,Michoacán,Nueva Italia,19.023207,-102.093583,Pendiente,,
Autopartes Y Accesorios El Guero,Michoacán,Nueva Italia,19.014222,-102.096883,Pendiente,,
BanCoppel Cardenas,Michoacán,Nueva Italia,19.017417,-102.095107,Pendiente,,
Banco BBVA,Michoacán,Nueva Italia,19.022555,-102.095815,Pendiente,,
CREDICEL NUEVA ITALIA,Michoacán,Nueva Italia,19.024393,-102.095996,Pendiente,,
Cell Express,Michoacán,Nueva Italia,19.022766,-102.095861,Pendiente,,
Cell phone reparaciones de celulates,Michoacán,Nueva Italia,19.018825,-102.097944,Pendiente,,
Center Accessories,Michoacán,Nueva Italia,19.207138,-101.7074,Pendiente,,
Clínica Hospital Del Celular,Michoacán,Nueva Italia,19.023019,-102.092642,Pendiente,,
Comercializadora de Artículos del Hogar y Juguetes,Michoacán,Nueva Italia,19.011642,-102.097522,Pendiente,,
Compu-Cell Nueva Italia,Michoacán,Nueva Italia,19.02341,-102.096343,Pendiente,,
Compusoluciones Reparacion de computadoras celulares y tablets,Michoacán,Nueva Italia,19.02403,-102.098444,Pendiente,,
Compusoluciones reparacion de computadoras celulares y tablets venta de accesorios para informatica,Michoacán,Nueva Italia,19.022964,-102.094706,Pendiente,,
Coppel Cardenas,Michoacán,Nueva Italia,19.017417,-102.095107,Pendiente,,
Electrónica Nueva Italia,Michoacán,Nueva Italia,19.021351,-102.094824,Pendiente,,
Elektra,Michoacán,Nueva Italia,19.023106,-102.093599,Pendiente,,
Farmacia Guadalajara,Michoacán,Nueva Italia,19.019642,-102.094966,Pendiente,,
Go Fiber Múgica,Michoacán,Nueva Italia,18.996961,-102.103524,Pendiente,,
GoFix,Michoacán,Nueva Italia,19.021487,-102.096374,Pendiente,,
J&T EXPRESS LHP-MUGICA,Michoacán,Nueva Italia,19.021787,-102.095161,Pendiente,,
Lh paquetería Nva Italia,Michoacán,Nueva Italia,19.021744,-102.095174,Pendiente,,
"Mac,s servicios",Michoacán,Nueva Italia,19.022895,-102.097489,Pendiente,,
Maple Reparaciones,Michoacán,Nueva Italia,19.665364,-101.521987,Pendiente,,
NOVACELL,Michoacán,Nueva Italia,19.685945,-101.956159,Pendiente,,
NUEVA ITALIA,Michoacán,Nueva Italia,19.023488,-102.095608,Pendiente,,
OXXO,Michoacán,Nueva Italia,18.991186,-102.092389,Pendiente,,
OXXO MÚGICA,Michoacán,Nueva Italia,19.029104,-102.088387,Pendiente,,
OXXO Nueva Italia Norte MLM,Michoacán,Nueva Italia,19.022738,-102.091445,Pendiente,,
Oxxo 4 CAMINOS MLM,Michoacán,Nueva Italia,18.99891,-102.080084,Pendiente,,
PASTELERÍA MAYRA ARTEAGA,Michoacán,Nueva Italia,19.018068,-102.097639,Pendiente,,
PLAZA ITALIANA,Michoacán,Nueva Italia,19.023762,-102.095843,Pendiente,,
Paquetería Nueva Italia,Michoacán,Nueva Italia,19.022904,-102.095958,Pendiente,,
Reparacion de celulares,Michoacán,Nueva Italia,19.916214,-103.021414,Pendiente,,
SMART MOVIL,Michoacán,Nueva Italia,19.022898,-102.093737,Pendiente,,
SMARTT SHOP,Michoacán,Nueva Italia,19.021565,-102.0945,Pendiente,,
ServiCell Pablo🧑🏻‍🔧📱,Michoacán,Nueva Italia,19.016777,-102.093212,Pendiente,,
Servicio Técnico UNTANI,Michoacán,Nueva Italia,19.678854,-101.613991,Pendiente,,
Taller de celulares Villa Cortés,Michoacán,Nueva Italia,19.022379,-102.09547,Pendiente,,
Teléfono Público Telmex,Michoacán,Nueva Italia,19.026037,-102.092019,Pendiente,,
Tu Movil Nueva Italia,Michoacán,Nueva Italia,19.021267,-102.094559,Pendiente,,
Viajes Nueva Italia,Michoacán,Nueva Italia,19.022397,-102.09424,Pendiente,,
¡Qué rollo makis!,Michoacán,Nueva Italia,19.029357,-102.084326,Pendiente,,
CFE Agencia Paracho,Michoacán,Paracho,19.639578,-102.050495,Pendiente,,
Elektra,Michoacán,Paracho,19.648134,-102.047481,Pendiente,,
Elektra,Michoacán,Paracho,19.645771,-102.048601,Pendiente,,
HOSPITAL DE CELULARES IONIC,Michoacán,Paracho,19.64733,-102.047633,Pendiente,,
Hospital De Celulares Paracho,Michoacán,Paracho,19.64767,-102.049584,Pendiente,,
Prestamos y Empeños Confía S.A. de C.V.,Michoacán,Paracho,19.648268,-102.047547,Pendiente,,
Punto Yastás en Farmacia Tarentzuruan,Michoacán,Paracho,19.644081,-102.04609,Pendiente,,
Telecable,Michoacán,Paracho,19.644388,-102.049733,Pendiente,,
Telecom,Michoacán,Paracho,19.64865,-102.047543,Pendiente,,
telcel,Michoacán,Paracho,19.643679,-102.048988,Pendiente,,
"""Telcel"" Accesorios y Reparaciones",Michoacán,Patzcuaro,19.51613,-101.61045,Pendiente,,
AT&T,Michoacán,Patzcuaro,19.513665,-101.61132,Pendiente,,
AT&T Santa Lucía,Michoacán,Patzcuaro,19.533838,-101.611641,Pendiente,,
BABILONIA celulares,Michoacán,Patzcuaro,19.512589,-101.612367,Pendiente,,
Cel express,Michoacán,Patzcuaro,19.516683,-101.601958,Pendiente,,
Coppel Canada Iturbide,Michoacán,Patzcuaro,19.514378,-101.609015,Pendiente,,
Coppel Cárdenas,Michoacán,Patzcuaro,19.530903,-101.610656,Pendiente,,
Coppel Motos Pátzcuaro,Michoacán,Patzcuaro,19.513277,-101.619333,Pendiente,,
"Cosmeticos y accesorios para celular ""PARAMUEN""",Michoacán,Patzcuaro,19.351984,-101.692028,Pendiente,,
Dalimy (Reparación de Celulares),Michoacán,Patzcuaro,19.518607,-101.611173,Pendiente,,
ESTRENAZ,Michoacán,Patzcuaro,19.515787,-101.609388,Pendiente,,
Elektra,Michoacán,Patzcuaro,19.515168,-101.608802,Pendiente,,
Elektra,Michoacán,Patzcuaro,19.513104,-101.619765,Pendiente,,
GEEK,Michoacán,Patzcuaro,19.514636,-101.609039,Pendiente,,
GO TELECOMM,Michoacán,Patzcuaro,19.50216,-101.602795,Pendiente,,
HOSPITAL DE CELULARES PATZCUARO,Michoacán,Patzcuaro,19.507998,-101.613716,Pendiente,,
Hospital de Celulares M&A,Michoacán,Patzcuaro,19.561451,-101.676752,Pendiente,,
JPHONE,Michoacán,Patzcuaro,19.508826,-101.614947,Pendiente,,
Llantera movil 24 Horas Mora,Michoacán,Patzcuaro,19.508751,-101.614847,Pendiente,,
Llantera movil huecorio.,Michoacán,Patzcuaro,19.532886,-101.629743,Pendiente,,
MAGICCELL,Michoacán,Patzcuaro,19.516368,-101.617523,Pendiente,,
Magic Cell,Michoacán,Patzcuaro,19.513431,-101.615185,Pendiente,,
Mediacom,Michoacán,Patzcuaro,19.510138,-101.613065,Pendiente,,
MegaNet Patzcuaro,Michoacán,Patzcuaro,19.51481,-101.609703,Pendiente,,
Mercado Municipal,Michoacán,Patzcuaro,19.516859,-101.610332,Pendiente,,
MoviTel,Michoacán,Patzcuaro,19.509843,-101.613243,Pendiente,,
México En Linea - Centro,Michoacán,Patzcuaro,19.511049,-101.612829,Pendiente,,
México En Línea - Av. Lázaro Cardenas,Michoacán,Patzcuaro,19.533463,-101.612067,Pendiente,,
Móvil Shop,Michoacán,Patzcuaro,19.588551,-101.720082,Pendiente,,
OXXO CAP,Michoacán,Patzcuaro,19.510124,-101.617229,Pendiente,,
OXXO PATZ REVOLUCION,Michoacán,Patzcuaro,19.533688,-101.617754,Pendiente,,
Omega Car Audio Solutions,Michoacán,Patzcuaro,19.508939,-101.61368,Pendiente,,
Oxxo El Mono,Michoacán,Patzcuaro,19.51731,-101.617067,Pendiente,,
Plaza Benito Juárez (Plaza de San Francisco),Michoacán,Patzcuaro,19.513344,-101.612033,Pendiente,,
Plaza Comercial Santa Lucia,Michoacán,Patzcuaro,19.533788,-101.611778,Pendiente,,
Reparación de celulares REPARACEL,Michoacán,Patzcuaro,19.513095,-101.616435,Pendiente,,
Servicel Pátzcuaro,Michoacán,Patzcuaro,19.509934,-101.618521,Pendiente,,
Servicell unlocker,Michoacán,Patzcuaro,19.498093,-101.600489,Pendiente,,
Servicios Informáticos Chava,Michoacán,Patzcuaro,19.506825,-101.604731,Pendiente,,
ServíTec informática - reparación de computadoras y celulares,Michoacán,Patzcuaro,19.515774,-101.615811,Pendiente,,
TECNI-CEL,Michoacán,Patzcuaro,19.499293,-101.600853,Pendiente,,
TELCEL PÁTZCUARO,Michoacán,Patzcuaro,19.515249,-101.611527,Pendiente,,
Telecom,Michoacán,Patzcuaro,19.517363,-101.607972,Pendiente,,
WS Phone Shop,Michoacán,Patzcuaro,19.515382,-101.614277,Pendiente,,
iSmart Pátzcuaro,Michoacán,Patzcuaro,19.510136,-101.615378,Pendiente,,
Cel móvil Purépero,Michoacán,Purepero,19.90687,-102.006739,Pendiente,,
Electrónica y Audio George,Michoacán,Purepero,19.912016,-102.000414,Pendiente,,
Elektra,Michoacán,Purepero,19.910585,-102.006432,Pendiente,,
Fixel Carapan,Michoacán,Purepero,19.860583,-102.038217,Pendiente,,
Grupo ADNA,Michoacán,Purepero,19.913886,-102.007651,Pendiente,,
Informatica Profesional Computadoras Y Accesorios,Michoacán,Purepero,19.909464,-102.009137,Pendiente,,
OXXO Purépero,Michoacán,Purepero,19.914402,-102.011274,Pendiente,,
Panaderia Cerda,Michoacán,Purepero,19.909028,-102.012189,Pendiente,,
Plaza de Purépero,Michoacán,Purepero,19.910097,-102.007367,Pendiente,,
Purepero mich,Michoacán,Purepero,19.904017,-101.998222,Pendiente,,
Reparación de celulares,Michoacán,Purepero,19.8583,-102.038815,Pendiente,,
Telcel,Michoacán,Purepero,19.908978,-102.008724,Pendiente,,
Tienda wizz Purepero,Michoacán,Purepero,19.911291,-102.005767,Pendiente,,
plaza purepero,Michoacán,Purepero,19.910175,-102.007383,Pendiente,,
APPLE MANÍA MX,Michoacán,Puruandiro,20.088762,-101.514667,Pendiente,,
Bisutería Rosilu,Michoacán,Puruandiro,20.089613,-101.516617,Pendiente,,
Cell-connection,Michoacán,Puruandiro,20.086449,-101.515068,Pendiente,,
Ciber El Icono,Michoacán,Puruandiro,20.089842,-101.515404,Pendiente,,
Comercial Puruándiro,Michoacán,Puruandiro,20.088105,-101.516271,Pendiente,,
Coppel Villalongín,Michoacán,Puruandiro,20.090414,-101.51675,Pendiente,,
"Elektra Puruandiro Mich,",Michoacán,Puruandiro,20.088017,-101.514128,Pendiente,,
"Ferreteria ""LILI GUZMAN""",Michoacán,Puruandiro,20.088032,-101.513852,Pendiente,,
H&H,Michoacán,Puruandiro,20.089709,-101.523557,Pendiente,,
Innova Case 1,Michoacán,Puruandiro,20.086712,-101.515352,Pendiente,,
Innova Case 2,Michoacán,Puruandiro,20.087923,-101.51704,Pendiente,,
La Bodeguita Puruas,Michoacán,Puruandiro,20.088557,-101.513145,Pendiente,,
Mary’s Cel,Michoacán,Puruandiro,20.087696,-101.517013,Pendiente,,
Mega Wifi Luna,Michoacán,Puruandiro,20.087777,-101.523041,Pendiente,,
Megacable,Michoacán,Puruandiro,20.087962,-101.515697,Pendiente,,
Movistar Puruandiro,Michoacán,Puruandiro,20.09201,-101.516499,Pendiente,,
OXXO Puruandiro Express MLM,Michoacán,Puruandiro,20.093335,-101.509862,Pendiente,,
Oxxo Casino,Michoacán,Puruandiro,20.091996,-101.51962,Pendiente,,
REPAIR-MASTER,Michoacán,Puruandiro,20.087373,-101.51506,Pendiente,,
Skype and Fashion,Michoacán,Puruandiro,20.081792,-101.51167,Pendiente,,
SoluComp,Michoacán,Puruandiro,20.086431,-101.513084,Pendiente,,
Solucomp,Michoacán,Puruandiro,20.090863,-101.515457,Pendiente,,
Taller de celulares,Michoacán,Puruandiro,20.083255,-101.528534,Pendiente,,
Telmex,Michoacán,Puruandiro,20.088662,-101.513928,Pendiente,,
celular shop,Michoacán,Puruandiro,20.088527,-101.516375,Pendiente,,
AT&T,Michoacán,Sahuayo,20.059378,-102.716576,Pendiente,,
At&t Sahuayo,Michoacán,Sahuayo,20.056701,-102.719778,Pendiente,,
At&t Sahuayo Norte,Michoacán,Sahuayo,20.062243,-102.721427,Pendiente,,
CITYPHONE,Michoacán,Sahuayo,20.057111,-102.718733,Pendiente,,
COMPU MASTER SAHUAYO,Michoacán,Sahuayo,20.056651,-102.723051,Pendiente,,
Calle niños héroes 225,Michoacán,Sahuayo,20.05879,-102.716235,Pendiente,,
Casa de Empeño Fundación Dondé,Michoacán,Sahuayo,20.056297,-102.722748,Pendiente,,
Casa de la tecnología,Michoacán,Sahuayo,20.115619,-102.655893,Pendiente,,
Celulares a credito San felipe,Michoacán,Sahuayo,20.052299,-102.713175,Pendiente,,
Centro llantero de Sahuayo,Michoacán,Sahuayo,20.06239,-102.715999,Pendiente,,
CityPhone,Michoacán,Sahuayo,20.057155,-102.718781,Pendiente,,
Compu Facil Sahuayo,Michoacán,Sahuayo,20.058192,-102.718685,Pendiente,,
Coppel Lázaro Cárdenas,Michoacán,Sahuayo,20.045862,-102.716883,Pendiente,,
Coppel Muebles Constitución,Michoacán,Sahuayo,20.057085,-102.719931,Pendiente,,
Credi7 - Sahuayo,Michoacán,Sahuayo,20.057956,-102.720599,Pendiente,,
Dr. Movil & Accesorios,Michoacán,Sahuayo,20.06611,-102.718548,Pendiente,,
Electrónica García,Michoacán,Sahuayo,20.055067,-102.717545,Pendiente,,
Electrónica Ramírez,Michoacán,Sahuayo,20.055572,-102.718699,Pendiente,,
Elektra,Michoacán,Sahuayo,20.05728,-102.717661,Pendiente,,
Elektra,Michoacán,Sahuayo,20.043603,-102.719112,Pendiente,,
HOLANDA CEL,Michoacán,Sahuayo,20.05803,-102.721075,Pendiente,,
Hospital De Celulares,Michoacán,Sahuayo,20.057093,-102.718003,Pendiente,,
Hospital de celulares,Michoacán,Sahuayo,20.057278,-102.718625,Pendiente,,
Isco Computadoras,Michoacán,Sahuayo,20.058871,-102.722106,Pendiente,,
JR Computacion,Michoacán,Sahuayo,20.043445,-102.719052,Pendiente,,
Lanstore,Michoacán,Sahuayo,20.057915,-102.717619,Pendiente,,
Libera Cell,Michoacán,Sahuayo,20.05723,-102.717095,Pendiente,,
Like Cel,Michoacán,Sahuayo,20.057104,-102.717934,Pendiente,,
MASK PHONE STORE,Michoacán,Sahuayo,20.063293,-102.721924,Pendiente,,
ME IL ENTERPRISE,Michoacán,Sahuayo,20.057097,-102.717842,Pendiente,,
Macomich Autopartes y Servicio,Michoacán,Sahuayo,20.082381,-102.710975,Pendiente,,
Macropay,Michoacán,Sahuayo,20.05723,-102.717095,Pendiente,,
"Mec-Dis Computadoras ""Tecnología de Vanguardia""",Michoacán,Sahuayo,20.053631,-102.714224,Pendiente,,
Megacel Plaza,Michoacán,Sahuayo,20.057479,-102.722754,Pendiente,,
Mobile Store Celulares & Mas,Michoacán,Sahuayo,20.057948,-102.719637,Pendiente,,
Montollantas de Sahuayo,Michoacán,Sahuayo,20.037161,-102.71662,Pendiente,,
Muebles América (Suc. Lázaro Cárdenas Sahuayo),Michoacán,Sahuayo,20.045731,-102.71692,Pendiente,,
Muebles América (Suc. Sahuayo),Michoacán,Sahuayo,20.055153,-102.716825,Pendiente,,
Mundotronic,Michoacán,Sahuayo,20.048019,-102.714247,Pendiente,,
Novedades Victoria,Michoacán,Sahuayo,20.04507,-102.70905,Pendiente,,
OXXO Sahuayo Allende GDL,Michoacán,Sahuayo,20.058627,-102.716049,Pendiente,,
OXXO Sahuayo Blvd. GDL,Michoacán,Sahuayo,20.051616,-102.716702,Pendiente,,
OXXO Sahuayo Centro GDL,Michoacán,Sahuayo,20.054968,-102.707251,Pendiente,,
OXXO Sahuayo Hospital GDL,Michoacán,Sahuayo,20.041874,-102.717036,Pendiente,,
OXXO Sahuayo Hípico,Michoacán,Sahuayo,20.070511,-102.721011,Pendiente,,
OXXO Sahuayo Mercado GDL,Michoacán,Sahuayo,20.055139,-102.722034,Pendiente,,
OXXO Sahuayo Parque,Michoacán,Sahuayo,20.050002,-102.719595,Pendiente,,
OXXO Sahuayo Sagrado Corazón,Michoacán,Sahuayo,20.062613,-102.722127,Pendiente,,
Oh MyPhone (Insurgentes),Michoacán,Sahuayo,20.056932,-102.719851,Pendiente,,
Oh! MyPhone,Michoacán,Sahuayo,20.055337,-102.722335,Pendiente,,
Optima-Sahuayo,Michoacán,Sahuayo,20.05718,-102.721063,Pendiente,,
Plaza Insurgentes SAHUAYO MICH AT&T,Michoacán,Sahuayo,20.05665,-102.719823,Pendiente,,
Procell Shy,Michoacán,Sahuayo,20.05766,-102.722795,Pendiente,,
RB rincón de san Andrés,Michoacán,Sahuayo,20.063219,-102.747166,Pendiente,,
REPARACION DE COMPUTADORAS,Michoacán,Sahuayo,20.049159,-102.711204,Pendiente,,
Reparación y liberaciones de celulares,Michoacán,Sahuayo,20.117121,-102.854822,Pendiente,,
SERVI-CEL,Michoacán,Sahuayo,20.053858,-102.709972,Pendiente,,
SISTEMAS Ing. Manuel,Michoacán,Sahuayo,20.071878,-102.70779,Pendiente,,
SUPER CELL,Michoacán,Sahuayo,20.056729,-102.719701,Pendiente,,
Sahuyo,Michoacán,Sahuayo,20.055643,-102.723482,Pendiente,,
Servitec,Michoacán,Sahuayo,20.051817,-102.715251,Pendiente,,
Sinercomp,Michoacán,Sahuayo,20.057047,-102.718104,Pendiente,,
Steren Sahuayo,Michoacán,Sahuayo,20.051974,-102.716157,Pendiente,,
StockPhone,Michoacán,Sahuayo,20.058957,-102.719785,Pendiente,,
TECNO GALERIA SAHUAYO,Michoacán,Sahuayo,20.056414,-102.720708,Pendiente,,
TECNOCEL,Michoacán,Sahuayo,20.11474,-102.852453,Pendiente,,
TELMEX,Michoacán,Sahuayo,20.057973,-102.718635,Pendiente,,
TecnoCel,Michoacán,Sahuayo,20.058191,-102.719741,Pendiente,,
Telcel,Michoacán,Sahuayo,20.074421,-102.717117,Pendiente,,
Telcel,Michoacán,Sahuayo,19.991163,-102.717404,Pendiente,,
Telcel,Michoacán,Sahuayo,19.995118,-102.718415,Pendiente,,
Telcel,Michoacán,Sahuayo,20.055341,-102.721484,Pendiente,,
Telmex,Michoacán,Sahuayo,20.062086,-102.718346,Pendiente,,
Tu Recarga Fácil,Michoacán,Sahuayo,20.065074,-102.725501,Pendiente,,
Uai-fai centro,Michoacán,Sahuayo,20.057512,-102.717537,Pendiente,,
Uai-fai plaza feria 107,Michoacán,Sahuayo,20.043764,-102.719079,Pendiente,,
Walmart Sahuayo,Michoacán,Sahuayo,20.079177,-102.718239,Pendiente,,
Yesmos Celulares,Michoacán,Sahuayo,20.057042,-102.718399,Pendiente,,
dondetedije.com,Michoacán,Sahuayo,20.057582,-102.719538,Pendiente,,
"""Alebrije"", Artesanias, Arte Y Mas",Michoacán,Tacambaro,19.235858,-101.460121,Pendiente,,
"""Aluminios Y Vidrios De Tacambaro""",Michoacán,Tacambaro,19.235718,-101.455006,Pendiente,,
360 SMOKE SHOP,Michoacán,Tacambaro,19.237788,-101.455684,Pendiente,,
ACCESS INNOVATION,Michoacán,Tacambaro,19.23529,-101.458585,Pendiente,,
Aceros y Láminas,Michoacán,Tacambaro,19.23544,-101.453285,Pendiente,,
Agricola Lombardia,Michoacán,Tacambaro,19.239952,-101.453071,Pendiente,,
Andani,Michoacán,Tacambaro,19.234955,-101.454286,Pendiente,,
BC Shop,Michoacán,Tacambaro,19.2355,-101.455754,Pendiente,,
Banco BBVA,Michoacán,Tacambaro,19.235316,-101.457562,Pendiente,,
Bicipartes Magallan,Michoacán,Tacambaro,19.234853,-101.455297,Pendiente,,
BroTech,Michoacán,Tacambaro,19.234198,-101.458793,Pendiente,,
CFMOTO Tacámbaro,Michoacán,Tacambaro,19.229515,-101.45761,Pendiente,,
CUPANDA,Michoacán,Tacambaro,19.247175,-101.465654,Pendiente,,
Cable Red,Michoacán,Tacambaro,19.238131,-101.458036,Pendiente,,
Casa Sánchez,Michoacán,Tacambaro,19.235455,-101.460546,Pendiente,,
CelTacamba,Michoacán,Tacambaro,19.23577,-101.455191,Pendiente,,
Central de Abastos de Tacámbaro,Michoacán,Tacambaro,19.241157,-101.453159,Pendiente,,
Centro comercial y mercado de antojitos,Michoacán,Tacambaro,19.236783,-101.457517,Pendiente,,
Colchas y Blancos Tacámbaro,Michoacán,Tacambaro,19.234749,-101.462942,Pendiente,,
Combicel Centro,Michoacán,Tacambaro,19.225809,-101.457397,Pendiente,,
Comm,Michoacán,Tacambaro,19.233325,-101.459105,Pendiente,,
Coppel Libramiento,Michoacán,Tacambaro,19.231764,-101.461576,Pendiente,,
Coppel Motos Tacambaro,Michoacán,Tacambaro,19.231337,-101.456165,Pendiente,,
DBTEC,Michoacán,Tacambaro,19.234131,-101.458711,Pendiente,,
Diversicable,Michoacán,Tacambaro,19.238131,-101.458036,Pendiente,,
Dulcería Suny,Michoacán,Tacambaro,19.236571,-101.45403,Pendiente,,
Elektra,Michoacán,Tacambaro,19.235631,-101.459538,Pendiente,,
Estación 10,Michoacán,Tacambaro,19.237038,-101.458974,Pendiente,,
FERRETACAMBARO,Michoacán,Tacambaro,19.231322,-101.461196,Pendiente,,
FERRETERIA MANY,Michoacán,Tacambaro,19.236205,-101.452914,Pendiente,,
Fedex,Michoacán,Tacambaro,19.237088,-101.458634,Pendiente,,
Ferreteria Zepeda,Michoacán,Tacambaro,19.230452,-101.460395,Pendiente,,
Fixcell,Michoacán,Tacambaro,19.233973,-101.460003,Pendiente,,
Fixnetcare,Michoacán,Tacambaro,19.234205,-101.458802,Pendiente,,
Flowing,Michoacán,Tacambaro,19.239316,-101.451078,Pendiente,,
Gogo Colectivo | Regalos en Tacámbaro | Joyería en Tacámbaro | Perfumes en Tacámbaro,Michoacán,Tacambaro,19.235957,-101.459858,Pendiente,,
Impresiones Torres,Michoacán,Tacambaro,19.235937,-101.462946,Pendiente,,
KePasoMiChen Tacambaro,Michoacán,Tacambaro,19.239006,-101.45619,Pendiente,,
La línea Tacámbaro,Michoacán,Tacambaro,19.230972,-101.463119,Pendiente,,
Librería cristiana logos de Tacámbaro,Michoacán,Tacambaro,19.233355,-101.455628,Pendiente,,
Lázaro Cárdenas #500 Tacambaro.Distribuidor Autorizado Telcel,Michoacán,Tacambaro,19.235059,-101.453697,Pendiente,,
MANGOCEL,Michoacán,Tacambaro,19.236877,-101.458019,Pendiente,,
Mainland Farms Tacambaro,Michoacán,Tacambaro,19.226427,-101.464921,Pendiente,,
"Materiales García Y Barragán, S.A. De C.V.",Michoacán,Tacambaro,19.235315,-101.461021,Pendiente,,
Mercado Morelos,Michoacán,Tacambaro,19.235,-101.457124,Pendiente,,
MiBodega Aurrera Tacambaro,Michoacán,Tacambaro,19.231929,-101.461758,Pendiente,,
Multi tienda,Michoacán,Tacambaro,19.23439,-101.457091,Pendiente,,
Multipapelería,Michoacán,Tacambaro,19.234948,-101.46162,Pendiente,,
Newww Tacambaro,Michoacán,Tacambaro,19.236707,-101.458205,Pendiente,,
OXXO Tacambaro Sur,Michoacán,Tacambaro,19.230747,-101.455527,Pendiente,,
Oxxo Tacambaro Plaza,Michoacán,Tacambaro,19.235266,-101.457373,Pendiente,,
Papeleria toniz,Michoacán,Tacambaro,19.23669,-101.455592,Pendiente,,
Papicel,Michoacán,Tacambaro,19.234262,-101.457604,Pendiente,,
Portacell Telefonia Celular,Michoacán,Tacambaro,19.23531,-101.457819,Pendiente,,
Punto Yastás en Suny,Michoacán,Tacambaro,19.23687,-101.454367,Pendiente,,
RESO | Sistemas Genéricos,Michoacán,Tacambaro,19.236008,-101.453824,Pendiente,,
Refaccionaria Grandel Partes Automotrices,Michoacán,Tacambaro,19.235169,-101.462485,Pendiente,,
Refacciones de Audio y electrónica Pucheta,Michoacán,Tacambaro,19.232629,-101.448486,Pendiente,,
SERVICELL TACAMBARO,Michoacán,Tacambaro,19.236543,-101.457508,Pendiente,,
SUNY,Michoacán,Tacambaro,19.239355,-101.450823,Pendiente,,
Sociedad Cooperativa de Consumo Mi Casa S.C.L. de C.V.,Michoacán,Tacambaro,19.235001,-101.457314,Pendiente,,
Suny,Michoacán,Tacambaro,19.23687,-101.454367,Pendiente,,
Suny Go,Michoacán,Tacambaro,19.235838,-101.460516,Pendiente,,
TRACTOSOL | JOHN DEERE - TACAMBARO,Michoacán,Tacambaro,19.229421,-101.457455,Pendiente,,
Tacambaro d codallos,Michoacán,Tacambaro,19.236771,-101.453411,Pendiente,,
TecnoMovil,Michoacán,Tacambaro,19.206399,-101.709193,Pendiente,,
Tienda Santa rita 2,Michoacán,Tacambaro,19.234178,-101.458999,Pendiente,,
Tiendas 3B,Michoacán,Tacambaro,19.235697,-101.456196,Pendiente,,
Vento Motorcycles U.S.A Tacambaro,Michoacán,Tacambaro,19.23127,-101.455376,Pendiente,,
Vida y Salud: Tienda Naturista,Michoacán,Tacambaro,19.23721,-101.458017,Pendiente,,
Zaragoza Muebles,Michoacán,Tacambaro,19.23538,-101.459858,Pendiente,,
antena de telcel,Michoacán,Tacambaro,19.237995,-101.459311,Pendiente,,
oxxo Mirador Tacambaro,Michoacán,Tacambaro,19.24683,-101.46544,Pendiente,,
ABBA SOLUCIONES INTELIGENTES,Michoacán,Tangancicuaro,19.88008,-102.210847,Pendiente,,
AccesCell,Michoacán,Tangancicuaro,19.64792,-102.046703,Pendiente,,
Accesorios Y Reparaciónes para celular,Michoacán,Tangancicuaro,19.992663,-100.225962,Pendiente,,
Angy Celulares,Michoacán,Tangancicuaro,20.34134,-102.281984,Pendiente,,
Celulares El Chato,Michoacán,Tangancicuaro,20.345284,-102.280926,Pendiente,,
Coppel Morelos,Michoacán,Tangancicuaro,19.887226,-102.207712,Pendiente,,
Estrenaz cel tangamandapio 1,Michoacán,Tangancicuaro,19.956669,-102.4323,Pendiente,,
"Harmand, la tienda para ti y tu moto.",Michoacán,Tangancicuaro,19.885356,-102.201113,Pendiente,,
Hospital de Celulares,Michoacán,Tangancicuaro,19.97148,-102.055701,Pendiente,,
Imperio Móvil,Michoacán,Tangancicuaro,19.911235,-102.007967,Pendiente,,
Modatelas Tangancícuaro,Michoacán,Tangancicuaro,19.889258,-102.206604,Pendiente,,
OXXO Tangancicuaro GAS GDL,Michoacán,Tangancicuaro,19.896392,-102.202675,Pendiente,,
OXXO Tangancícuaro,Michoacán,Tangancicuaro,19.885949,-102.203781,Pendiente,,
Reparaciones Y Accesorios para celulares Los 3 Hermanos,Michoacán,Tangancicuaro,20.340715,-102.284768,Pendiente,,
Reparaciones y accesorios Telcel (Raul),Michoacán,Tangancicuaro,19.885593,-102.202266,Pendiente,,
Reparación de celulares Yulian,Michoacán,Tangancicuaro,20.116827,-102.567064,Pendiente,,
Reparación de celulares ángel 📱,Michoacán,Tangancicuaro,20.069555,-102.234825,Pendiente,,
Servicio Técnico de Celulares Frausto,Michoacán,Tangancicuaro,19.88112,-102.210348,Pendiente,,
Smartec,Michoacán,Tangancicuaro,19.889052,-102.208133,Pendiente,,
TECHFIX,Michoacán,Tangancicuaro,20.0075,-102.460245,Pendiente,,
Tecnopolis Santa Clara,Michoacán,Tangancicuaro,19.635967,-102.491419,Pendiente,,
Telcel JYK,Michoacán,Tangancicuaro,19.886306,-102.205223,Pendiente,,
Telcel Ram Sam,Michoacán,Tangancicuaro,19.887195,-102.20772,Pendiente,,
"Telcel, Distribuidor Autorizado (Divcel)",Michoacán,Tangancicuaro,19.888615,-102.207883,Pendiente,,
"Tienda De Bisuteria Y Accesorios ""Lindas""",Michoacán,Tangancicuaro,19.878509,-102.225626,Pendiente,,
"ABARROTES, VINOS Y LICORES HILDA",Michoacán,Tanhuato,20.284107,-102.328559,Pendiente,,
APOLO BOUTIQUE,Michoacán,Tanhuato,20.287253,-102.331753,Pendiente,,
"Abarrotes ""Bodega Imperial""",Michoacán,Tanhuato,20.28518,-102.325739,Pendiente,,
"Abarrotes ""Cisneros""",Michoacán,Tanhuato,20.283247,-102.324206,Pendiente,,
Abarrotes AXEL,Michoacán,Tanhuato,20.292048,-102.334168,Pendiente,,
Abarrotes Vazquez,Michoacán,Tanhuato,20.28382,-102.327436,Pendiente,,
Auto tracto accesorios el llano,Michoacán,Tanhuato,20.271155,-102.429425,Pendiente,,
BARA Tanhuato,Michoacán,Tanhuato,20.285513,-102.328026,Pendiente,,
BARA Tanhuato,Michoacán,Tanhuato,20.285129,-102.329425,Pendiente,,
Blancos Nahomi,Michoacán,Tanhuato,20.282627,-102.328841,Pendiente,,
Bodega Chema,Michoacán,Tanhuato,20.286515,-102.329114,Pendiente,,
Bodega Chema,Michoacán,Tanhuato,20.286515,-102.329114,Pendiente,,
Bodega Chema,Michoacán,Tanhuato,20.286515,-102.329114,Pendiente,,
Boutique Julygar,Michoacán,Tanhuato,20.283043,-102.327989,Pendiente,,
CASA GODINEZ,Michoacán,Tanhuato,20.283912,-102.327759,Pendiente,,
Caja Popular Tanhuato Oficina Matriz,Michoacán,Tanhuato,20.282954,-102.328285,Pendiente,,
Central De Autobúses,Michoacán,Tanhuato,20.285935,-102.337116,Pendiente,,
Centro de Distribución VEGA,Michoacán,Tanhuato,20.282308,-102.326571,Pendiente,,
Ciber Tony,Michoacán,Tanhuato,20.286693,-102.333574,Pendiente,,
Craff Milo / papeleria paola,Michoacán,Tanhuato,20.286411,-102.332459,Pendiente,,
Cremería El Roche,Michoacán,Tanhuato,20.284989,-102.323666,Pendiente,,
FRUTERIAS EL CHATO,Michoacán,Tanhuato,20.284353,-102.329057,Pendiente,,
Farmacias Benavides,Michoacán,Tanhuato,20.284241,-102.3289,Pendiente,,
Ferremateriales Vega,Michoacán,Tanhuato,20.286129,-102.326931,Pendiente,,
G & E Boutique y Zapatería,Michoacán,Tanhuato,20.284762,-102.332376,Pendiente,,
Girl Boy Tienda de Ropa,Michoacán,Tanhuato,20.283999,-102.328422,Pendiente,,
Impresos Tanhuato,Michoacán,Tanhuato,20.287666,-102.330821,Pendiente,,
Jekalu celulares,Michoacán,Tanhuato,19.276591,-100.440724,Pendiente,,
Jiménez Refaccionaria,Michoacán,Tanhuato,20.288246,-102.333246,Pendiente,,
Joyería y Relojería Cristian,Michoacán,Tanhuato,20.284872,-102.327962,Pendiente,,
Levush estampados,Michoacán,Tanhuato,20.285572,-102.335221,Pendiente,,
Megacable,Michoacán,Tanhuato,20.282893,-102.327588,Pendiente,,
Mini super las Américas,Michoacán,Tanhuato,20.287754,-102.330944,Pendiente,,
MiniSuper Imperial,Michoacán,Tanhuato,20.283398,-102.328406,Pendiente,,
NELLY'S CONCEPT,Michoacán,Tanhuato,20.284195,-102.332027,Pendiente,,
Novedades Alexa,Michoacán,Tanhuato,20.285239,-102.333086,Pendiente,,
Novedades SANCI,Michoacán,Tanhuato,20.285632,-102.327799,Pendiente,,
Nutrimentos Purina Y Forrajes El Nogal,Michoacán,Tanhuato,20.286919,-102.327697,Pendiente,,
OXXO Gas Tanhuato BJX,Michoacán,Tanhuato,20.302148,-102.321081,Pendiente,,
Oxxo Tanhuato,Michoacán,Tanhuato,20.289642,-102.329068,Pendiente,,
Oxxo ingreso Tanhuato,Michoacán,Tanhuato,20.285409,-102.335885,Pendiente,,
Papeleria Canica azul,Michoacán,Tanhuato,20.284304,-102.328668,Pendiente,,
Papeleria Ideal,Michoacán,Tanhuato,20.283648,-102.326205,Pendiente,,
Papeleria Smart,Michoacán,Tanhuato,20.28338,-102.324794,Pendiente,,
Papeleria la Caniquita Azul,Michoacán,Tanhuato,20.282946,-102.322275,Pendiente,,
Papelería la estrella ⭐️,Michoacán,Tanhuato,20.284589,-102.332425,Pendiente,,
Pink house,Michoacán,Tanhuato,20.283668,-102.330375,Pendiente,,
"Plaza Principal Tanhuato, Michoacán",Michoacán,Tanhuato,20.284142,-102.327346,Pendiente,,
Pollería el güero,Michoacán,Tanhuato,20.283971,-102.329724,Pendiente,,
Reparaciones Gayol,Michoacán,Tanhuato,19.210396,-102.589657,Pendiente,,
Sneakers Vega,Michoacán,Tanhuato,20.287918,-102.328094,Pendiente,,
TIENDA NATURISTA QUEEN,Michoacán,Tanhuato,20.287877,-102.328089,Pendiente,,
Tanhuato Michoacán,Michoacán,Tanhuato,20.284023,-102.327471,Pendiente,,
Tecnicolor (Telcel),Michoacán,Tanhuato,20.285049,-102.332539,Pendiente,,
Telcel y Novedades ARIS,Michoacán,Tanhuato,20.285312,-102.334784,Pendiente,,
Telecomm Telegrafos,Michoacán,Tanhuato,20.284485,-102.328486,Pendiente,,
The Primo’s Caps,Michoacán,Tanhuato,20.284792,-102.328261,Pendiente,,
Think me cosmetics,Michoacán,Tanhuato,20.285418,-102.328107,Pendiente,,
Tiendas 3B,Michoacán,Tanhuato,20.285542,-102.335715,Pendiente,,
Tortilleria del rancho,Michoacán,Tanhuato,20.28447,-102.329567,Pendiente,,
TÉCNICO GOMEZ,Michoacán,Tanhuato,20.280628,-102.329273,Pendiente,,
fix celulares buenavista,Michoacán,Tanhuato,19.207839,-102.58785,Pendiente,,
papeleria paola 2,Michoacán,Tanhuato,20.28621,-102.330543,Pendiente,,
zapateria Marina,Michoacán,Tanhuato,20.284317,-102.329398,Pendiente,,
ACCSER,Michoacán,Tarimbaro,19.795695,-101.176579,Pendiente,,
ACCSER,Michoacán,Tarimbaro,19.673077,-101.19049,Pendiente,,
Abarrotes González,Michoacán,Tarimbaro,19.79519,-101.176531,Pendiente,,
BYA IMPORTACIONES,Michoacán,Tarimbaro,19.673129,-101.204502,Pendiente,,
BYA IMPORTACIONES,Michoacán,Tarimbaro,19.697731,-101.158481,Pendiente,,
Cambio de pantalla celular (Carlos Daniel),Michoacán,Tarimbaro,19.792722,-101.177362,Pendiente,,
Internet Papeleria Impresiones Videojuegos MenCar,Michoacán,Tarimbaro,19.761878,-101.20503,Pendiente,,
OXXO San Jorge MLM,Michoacán,Tarimbaro,19.789114,-101.159443,Pendiente,,
Oxxo Mesón Nuevo,Michoacán,Tarimbaro,19.795839,-101.162211,Pendiente,,
PAKOintercel,Michoacán,Tarimbaro,19.79655,-101.173745,Pendiente,,
Telcel,Michoacán,Tarimbaro,19.796007,-101.176024,Pendiente,,
Tiendas 3B,Michoacán,Tarimbaro,19.796207,-101.171994,Pendiente,,
Tiendas 3B Plaza Prado,Michoacán,Tarimbaro,19.777025,-101.128674,Pendiente,,
ADCAPS,Michoacán,Tepalcatepec,19.188529,-102.843994,Pendiente,,
Ag OnlinesShopp,Michoacán,Tepalcatepec,19.192312,-102.846745,Pendiente,,
CELL WORLD. celulares & accesorios,Michoacán,Tepalcatepec,19.181681,-102.846226,Pendiente,,
COMPUEXPRESS,Michoacán,Tepalcatepec,19.191133,-102.85093,Pendiente,,
Ciber el estudiante Tepalcatepec,Michoacán,Tepalcatepec,19.192079,-102.845651,Pendiente,,
Ciberzonetepeque,Michoacán,Tepalcatepec,19.190382,-102.847641,Pendiente,,
Coppel Canada Altamirano,Michoacán,Tepalcatepec,19.189933,-102.845256,Pendiente,,
Elektra,Michoacán,Tepalcatepec,19.190314,-102.845235,Pendiente,,
Lobo Errante,Michoacán,Tepalcatepec,19.18832,-102.865111,Pendiente,,
MODACEL,Michoacán,Tepalcatepec,19.189906,-102.846667,Pendiente,,
MT FIBRA Tepalcatepec,Michoacán,Tepalcatepec,19.190118,-102.845508,Pendiente,,
Mayanitelcel,Michoacán,Tepalcatepec,19.188537,-102.854199,Pendiente,,
Mi Bodega Aurrera,Michoacán,Tepalcatepec,19.186815,-102.845074,Pendiente,,
Mueblería del Chino,Michoacán,Tepalcatepec,19.190174,-102.847487,Pendiente,,
Reparaciones Lupillo,Michoacán,Tepalcatepec,19.191699,-102.844937,Pendiente,,
Ribacel,Michoacán,Tepalcatepec,19.190477,-102.845242,Pendiente,,
Smartec,Michoacán,Tepalcatepec,19.190137,-102.847319,Pendiente,,
Tecnico celulares,Michoacán,Tepalcatepec,19.091941,-102.667561,Pendiente,,
Telcel,Michoacán,Tepalcatepec,19.190435,-102.844251,Pendiente,,
Telcel La Parotita,Michoacán,Tepalcatepec,19.190725,-102.849333,Pendiente,,
Tepalcatepec mich,Michoacán,Tepalcatepec,19.178268,-102.840507,Pendiente,,
Tienda Merza Sucursal Tepalcatepec,Michoacán,Tepalcatepec,19.190248,-102.846523,Pendiente,,
Tienda Milano Tepalcatepec,Michoacán,Tepalcatepec,19.191451,-102.845152,Pendiente,,
Todo Para Gas TPK,Michoacán,Tepalcatepec,19.189423,-102.846098,Pendiente,,
tech-shop,Michoacán,Tepalcatepec,19.208069,-102.584997,Pendiente,,
world cell technology,Michoacán,Tepalcatepec,19.187673,-102.847244,Pendiente,,
Big C Computadoras,Michoacán,Tinguindin,19.738803,-102.480318,Pendiente,,
CITYPHONE,Michoacán,Tinguindin,19.447797,-101.88854,Pendiente,,
CityPhone,Michoacán,Tinguindin,19.446195,-101.891004,Pendiente,,
La Reyna de Cell,Michoacán,Tinguindin,19.690193,-102.344834,Pendiente,,
MEGACEL TINGUINDIN,Michoacán,Tinguindin,19.739606,-102.48141,Pendiente,,
Oxxo Tinguindin,Michoacán,Tinguindin,19.737148,-102.484465,Pendiente,,
Reparaciones tecnimarc,Michoacán,Tinguindin,19.692114,-102.34329,Pendiente,,
"""Telcel""",Michoacán,Uruapan,19.408877,-102.010827,Pendiente,,
AT&T,Michoacán,Uruapan,19.422125,-102.06406,Pendiente,,
AT&T,Michoacán,Uruapan,19.402848,-102.055394,Pendiente,,
AT&T,Michoacán,Uruapan,19.425314,-102.047217,Pendiente,,
AcMovil,Michoacán,Uruapan,19.397205,-102.051572,Pendiente,,
Accesorios Gio,Michoacán,Uruapan,19.402827,-102.058643,Pendiente,,
Accesorios Para Celulares Mary,Michoacán,Uruapan,19.419331,-102.058281,Pendiente,,
Alsa teléfonia y novedades,Michoacán,Uruapan,19.408422,-102.059176,Pendiente,,
Apapachos Accesorios MX,Michoacán,Uruapan,19.409518,-102.037403,Pendiente,,
B Movil,Michoacán,Uruapan,19.420162,-102.0619,Pendiente,,
Brain Solutions,Michoacán,Uruapan,19.605922,-102.233743,Pendiente,,
CELMART,Michoacán,Uruapan,19.402872,-102.055568,Pendiente,,
COMERCIALIZADORA DE TELEFONIA CELULAR,Michoacán,Uruapan,19.416208,-102.062155,Pendiente,,
CRECICEL URUAPAN,Michoacán,Uruapan,19.419942,-102.063873,Pendiente,,
CURUBASY STORE,Michoacán,Uruapan,19.424074,-102.062855,Pendiente,,
Cargador,Michoacán,Uruapan,19.423028,-102.062862,Pendiente,,
Cari Reparación y mantenimiento de celulares y tablets,Michoacán,Uruapan,19.420942,-102.061423,Pendiente,,
Casa de Empeño Fundación Dondé,Michoacán,Uruapan,19.417853,-102.050941,Pendiente,,
Caseshop uruapan,Michoacán,Uruapan,19.408763,-102.051359,Pendiente,,
CeluFACIL,Michoacán,Uruapan,19.418638,-102.061917,Pendiente,,
Celulares del Centro,Michoacán,Uruapan,19.420531,-102.06306,Pendiente,,
Celulares jazz,Michoacán,Uruapan,19.410559,-102.01215,Pendiente,,
Centro De Atencion A Clientes Telcel,Michoacán,Uruapan,19.425184,-102.047874,Pendiente,,
Centro de Recarga,Michoacán,Uruapan,19.418411,-102.054696,Pendiente,,
Cinturones Albert.,Michoacán,Uruapan,19.421231,-102.060469,Pendiente,,
Cristo_cell,Michoacán,Uruapan,19.429593,-102.027013,Pendiente,,
DATTATEL: Memorias y Almacenamiento,Michoacán,Uruapan,19.406982,-102.055244,Pendiente,,
DXTO CEL URUAPAN,Michoacán,Uruapan,19.41998,-102.061246,Pendiente,,
Dat TELECOM,Michoacán,Uruapan,19.403044,-102.056272,Pendiente,,
Dr.Cel - Expertos en reparación de celulares,Michoacán,Uruapan,19.415274,-102.051673,Pendiente,,
Elektra,Michoacán,Uruapan,19.402551,-102.054881,Pendiente,,
Elektra,Michoacán,Uruapan,19.424923,-102.026268,Pendiente,,
Empeño Fácil Uruapan,Michoacán,Uruapan,19.418053,-102.055587,Pendiente,,
FIX Repair Uruapan,Michoacán,Uruapan,19.419289,-102.055862,Pendiente,,
FIX-UR,Michoacán,Uruapan,19.416535,-102.032428,Pendiente,,
FLEX-CEL.,Michoacán,Uruapan,19.420117,-102.051803,Pendiente,,
Fashion móvil Multystore,Michoacán,Uruapan,19.42016,-102.06258,Pendiente,,
FixnByte / Grupo Cedia Uruapan,Michoacán,Uruapan,19.405085,-102.048289,Pendiente,,
Fundas Uruapan,Michoacán,Uruapan,19.406743,-102.049247,Pendiente,,
GamePlanet Agora Uruapan,Michoacán,Uruapan,19.423984,-102.037978,Pendiente,,
Hospital De Celulares,Michoacán,Uruapan,19.416643,-102.040452,Pendiente,,
Ingeniería Móvil.,Michoacán,Uruapan,19.417823,-102.055967,Pendiente,,
Innovacel,Michoacán,Uruapan,19.399858,-102.056196,Pendiente,,
Inovacell Centro Pau joy venta de celulares a crédito y de contado y accesorios Movistar y Telcel y libres de fábrica,Michoacán,Uruapan,19.421629,-102.06629,Pendiente,,
JL Soluciones Móviles,Michoacán,Uruapan,19.405125,-102.048834,Pendiente,,
Just Fix - Reparaciónes y Servicios,Michoacán,Uruapan,19.406545,-102.053334,Pendiente,,
LA TIENDA,Michoacán,Uruapan,19.399464,-102.05037,Pendiente,,
LAB-CEL,Michoacán,Uruapan,19.421248,-102.054283,Pendiente,,
MD Phones,Michoacán,Uruapan,19.416151,-102.0565,Pendiente,,
MIKEDEVeloper,Michoacán,Uruapan,19.418822,-102.054311,Pendiente,,
Mercado Tariacuri,Michoacán,Uruapan,19.421015,-102.061508,Pendiente,,
Miniso Plaza Ágora Uruapan,Michoacán,Uruapan,19.423984,-102.037978,Pendiente,,
Moboshop Agora Uruapán,Michoacán,Uruapan,19.42565,-102.037306,Pendiente,,
Movil Fix,Michoacán,Uruapan,19.423066,-102.081318,Pendiente,,
Movistar Venta de celulares y Líneas,Michoacán,Uruapan,19.416149,-102.034584,Pendiente,,
Movistar centro de atención,Michoacán,Uruapan,19.415414,-102.06039,Pendiente,,
Pay Joy,Michoacán,Uruapan,19.421646,-102.066321,Pendiente,,
Phon Accesorios,Michoacán,Uruapan,19.426348,-102.036718,Pendiente,,
REPARACION DE CELULARES,Michoacán,Uruapan,19.42488,-102.065311,Pendiente,,
REPARACION DE CELULARES,Michoacán,Uruapan,19.377663,-102.040515,Pendiente,,
REPARACION DE CELULARES,Michoacán,Uruapan,19.427006,-102.410165,Pendiente,,
REPARACION DE CELULARES OBREGONTEC,Michoacán,Uruapan,19.418944,-102.05699,Pendiente,,
REPARACIONES DE CELULAR J_R_N_H SOLO (WATSAPP),Michoacán,Uruapan,19.392902,-102.469747,Pendiente,,
REPARACIÓN DE CELULARES LOS REYES,Michoacán,Uruapan,19.585988,-102.474442,Pendiente,,
Recargas Para Celular Familia Villaseñor,Michoacán,Uruapan,19.427051,-102.02299,Pendiente,,
Reco REPARACION DE CELULARES,Michoacán,Uruapan,19.429963,-102.036186,Pendiente,,
Reimant Centro Electrónico,Michoacán,Uruapan,19.418511,-102.05689,Pendiente,,
ReparaCel Uruapan,Michoacán,Uruapan,19.427902,-102.06031,Pendiente,,
Reparaciones CACHORRO,Michoacán,Uruapan,19.419386,-102.058586,Pendiente,,
Reparaciones celxpress,Michoacán,Uruapan,19.416923,-102.059354,Pendiente,,
Reparaciones el Lic. Chachachauuuu. Calmese PA!!,Michoacán,Uruapan,19.423034,-102.080232,Pendiente,,
Reparación de celulares,Michoacán,Uruapan,19.410313,-102.023826,Pendiente,,
Reparación de celulares PIÑA,Michoacán,Uruapan,19.386097,-102.021063,Pendiente,,
"Reparaciónes de celulares ""Avilés""",Michoacán,Uruapan,19.076174,-102.541001,Pendiente,,
SERVICEL-JM,Michoacán,Uruapan,19.419977,-102.059789,Pendiente,,
SOTECH servicio técnico,Michoacán,Uruapan,19.41649,-102.132157,Pendiente,,
Samsung Experience Store | Ágora Uruapan,Michoacán,Uruapan,19.423094,-102.038031,Pendiente,,
Servicio electrónico,Michoacán,Uruapan,19.418521,-102.05244,Pendiente,,
Slypc,Michoacán,Uruapan,19.417496,-102.062605,Pendiente,,
TECNICEL ARMY,Michoacán,Uruapan,19.39396,-102.021291,Pendiente,,
TECNO MÓVIL/TELCEL,Michoacán,Uruapan,20.054369,-102.721317,Pendiente,,
TECNOLOGIA MOVIL,Michoacán,Uruapan,19.376939,-102.061102,Pendiente,,
TODO PARA TU CELULAR,Michoacán,Uruapan,19.427398,-102.057477,Pendiente,,
TODO PARA TU CELULAR,Michoacán,Uruapan,19.423641,-102.060503,Pendiente,,
Taller de reparación de equipos de computo,Michoacán,Uruapan,19.442423,-102.004653,Pendiente,,
TechFix,Michoacán,Uruapan,19.393492,-102.032234,Pendiente,,
Telcel Distribuidor Autorizado,Michoacán,Uruapan,19.40288,-102.055578,Pendiente,,
Telcel Uruapan I,Michoacán,Uruapan,19.40676,-102.056342,Pendiente,,
Telcel Uruapan II,Michoacán,Uruapan,19.425226,-102.047882,Pendiente,,
Telecable Uruapan,Michoacán,Uruapan,19.415614,-102.053403,Pendiente,,
Telmex,Michoacán,Uruapan,19.410908,-102.054468,Pendiente,,
U FIX,Michoacán,Uruapan,19.402867,-102.055565,Pendiente,,
"Venta De Celulares Y Recargas ""Mili Cel""",Michoacán,Uruapan,19.392596,-102.021667,Pendiente,,
Xcel Accesorios Para Celulares,Michoacán,Uruapan,19.413839,-102.028096,Pendiente,,
Zona Zero reparaciónes de telefonía Móvil,Michoacán,Uruapan,19.407611,-102.047667,Pendiente,,
iShop Mixup Uruapan,Michoacán,Uruapan,19.424921,-102.037782,Pendiente,,
"iluminacion neon (reparaciones de celulares) fabricación de cuadros de resina epóxica, acrilicos con neon 2da. G. acrilico 2d",Michoacán,Uruapan,19.392082,-102.057713,Pendiente,,
maxi cel,Michoacán,Uruapan,19.392666,-102.022548,Pendiente,,
Mundo Celular,Michoacán,Villa Madero,19.391682,-101.280479,Pendiente,,
OXXO Villa Madero,Michoacán,Villa Madero,19.397035,-101.281309,Pendiente,,
Reparacel,Michoacán,Villa Madero,19.391309,-101.278513,Pendiente,,
AMBAR ACCESORIOS Y COMPONENTES,Michoacán,Yurecuaro,20.340293,-102.279706,Pendiente,,
Anarkoking ink,Michoacán,Yurecuaro,20.340151,-102.281205,Pendiente,,
BlackPhone,Michoacán,Yurecuaro,20.327264,-102.286124,Pendiente,,
CENTRO TECNICO EL CHECO,Michoacán,Yurecuaro,20.33247,-102.265835,Pendiente,,
CENTRO TÉCNICO CELULAR - EL CHECO,Michoacán,Yurecuaro,20.327876,-102.285984,Pendiente,,
CENTRO TÉCNICO CELULAR - EL TACUACHE,Michoacán,Yurecuaro,20.327838,-102.285947,Pendiente,,
CESAR CELULAR,Michoacán,Yurecuaro,20.34015,-102.281383,Pendiente,,
CIBERBAR,Michoacán,Yurecuaro,20.341954,-102.281555,Pendiente,,
COSMOCEL,Michoacán,Yurecuaro,20.320127,-102.301301,Pendiente,,
Chardsign,Michoacán,Yurecuaro,20.339081,-102.282403,Pendiente,,
Cipstore LB,Michoacán,Yurecuaro,20.283436,-102.54756,Pendiente,,
Conexión Plus,Michoacán,Yurecuaro,20.326979,-102.286429,Pendiente,,
Coppel General Mujica,Michoacán,Yurecuaro,20.338502,-102.275117,Pendiente,,
DC Celulares y Accesorios,Michoacán,Yurecuaro,20.445857,-102.134612,Pendiente,,
ENLACE INTERNET DE FIBRA OPTICA,Michoacán,Yurecuaro,20.336079,-102.292329,Pendiente,,
Elektra del Milenio,Michoacán,Yurecuaro,20.341871,-102.282961,Pendiente,,
Ferretería Yurécuaro,Michoacán,Yurecuaro,20.332794,-102.284529,Pendiente,,
Ferretería el Martillo,Michoacán,Yurecuaro,20.339454,-102.283147,Pendiente,,
Gualotech,Michoacán,Yurecuaro,20.348032,-102.286111,Pendiente,,
JC TECHNOLOGY,Michoacán,Yurecuaro,20.341922,-102.283247,Pendiente,,
LA CASA DE TECNOLOGIA,Michoacán,Yurecuaro,20.339302,-102.283005,Pendiente,,
LLANTERA MOVIL LA PEREGRINA,Michoacán,Yurecuaro,20.328045,-102.291885,Pendiente,,
Lsr Tech,Michoacán,Yurecuaro,20.337341,-102.279397,Pendiente,,
Lsr Tech,Michoacán,Yurecuaro,20.337341,-102.279397,Pendiente,,
MEDIA CABLE,Michoacán,Yurecuaro,20.336024,-102.284132,Pendiente,,
Megacable,Michoacán,Yurecuaro,20.342878,-102.281183,Pendiente,,
Móvil shop,Michoacán,Yurecuaro,20.27777,-102.548548,Pendiente,,
NOVEDADES Y BISUTERÍA MOYA,Michoacán,Yurecuaro,20.340462,-102.281862,Pendiente,,
OXXO Bravo BJX,Michoacán,Yurecuaro,20.328613,-102.292325,Pendiente,,
OXXO Múgica,Michoacán,Yurecuaro,20.339425,-102.278649,Pendiente,,
Oxxo libramiento,Michoacán,Yurecuaro,20.328523,-102.262397,Pendiente,,
Payjoy Yurecuaro,Michoacán,Yurecuaro,20.340646,-102.280744,Pendiente,,
Recargas Eletronicas,Michoacán,Yurecuaro,20.338745,-102.277224,Pendiente,,
TELEFONÍA RIZO,Michoacán,Yurecuaro,20.332844,-102.28268,Pendiente,,
TI CONNEXIONS,Michoacán,Yurecuaro,20.339468,-102.275683,Pendiente,,
Taller Mecánico QY y el Ing. Alberto,Michoacán,Yurecuaro,20.324672,-102.295006,Pendiente,,
Telecable Yurecuaro,Michoacán,Yurecuaro,20.342969,-102.281381,Pendiente,,
Telecom,Michoacán,Yurecuaro,20.341005,-102.281868,Pendiente,,
Telecomm Telégrafos,Michoacán,Yurecuaro,20.341994,-102.282859,Pendiente,,
Telefonía Rizo,Michoacán,Yurecuaro,20.34119,-102.282484,Pendiente,,
The us cell store,Michoacán,Yurecuaro,20.341445,-102.283048,Pendiente,,
Zona tech yc,Michoacán,Yurecuaro,20.335733,-102.290698,Pendiente,,
iPhone Store,Michoacán,Yurecuaro,20.273625,-102.476332,Pendiente,,
materiales para construccion la estacion,Michoacán,Yurecuaro,20.332633,-102.285593,Pendiente,,
AT&T,Michoacán,Zacapu,19.81664,-101.78802,Pendiente,,
AcCel,Michoacán,Zacapu,19.817999,-101.792421,Pendiente,,
Ares Movil Todo En Tecnología,Michoacán,Zacapu,19.816465,-101.786231,Pendiente,,
Auto Accesorios ALEX,Michoacán,Zacapu,19.807113,-101.782036,Pendiente,,
Casa de Empeño Fundación Dondé,Michoacán,Zacapu,19.817982,-101.790795,Pendiente,,
Celaris Telcel - Zamora,Michoacán,Zacapu,19.979063,-102.290049,Pendiente,,
Coppel Canada Morelos,Michoacán,Zacapu,19.820381,-101.785569,Pendiente,,
Coppel Morelos,Michoacán,Zacapu,19.816357,-101.788301,Pendiente,,
DISTRITO CELULAR DISTRIBUIDOR AUTORIZADO TELCEL,Michoacán,Zacapu,19.738292,-102.482843,Pendiente,,
EMT,Michoacán,Zacapu,19.817201,-101.789898,Pendiente,,
Electrónica BM,Michoacán,Zacapu,19.814189,-101.789396,Pendiente,,
Elektra,Michoacán,Zacapu,19.816606,-101.787963,Pendiente,,
Empeño Fácil Zacapu,Michoacán,Zacapu,19.816897,-101.788538,Pendiente,,
Estrenaz-cell zacapu,Michoacán,Zacapu,19.817103,-101.788707,Pendiente,,
Galaxcel,Michoacán,Zacapu,19.815974,-101.787059,Pendiente,,
Gbic Comunicaciones,Michoacán,Zacapu,19.817097,-101.792141,Pendiente,,
Innovacell Celulares Y Accesorios,Michoacán,Zacapu,19.815592,-101.793601,Pendiente,,
Mercado Morelos,Michoacán,Zacapu,19.816157,-101.789236,Pendiente,,
OXXO Zacapu Celanese MLM,Michoacán,Zacapu,19.836037,-101.770067,Pendiente,,
OXXO Zacapu Central MLM,Michoacán,Zacapu,19.815859,-101.786858,Pendiente,,
OXXO Zacapu Las Rosas MLM,Michoacán,Zacapu,19.8106,-101.79154,Pendiente,,
Oxxo La Moderna,Michoacán,Zacapu,19.808584,-101.782731,Pendiente,,
Oxxo Zacapu Morelos,Michoacán,Zacapu,19.817198,-101.789666,Pendiente,,
PcTec Zacapu,Michoacán,Zacapu,19.817494,-101.800436,Pendiente,,
REPARACELL 1,Michoacán,Zacapu,19.816032,-101.786924,Pendiente,,
REPARACELL Don Mario 🍄,Michoacán,Zacapu,19.821963,-101.785953,Pendiente,,
REPARACELL3,Michoacán,Zacapu,19.817088,-101.791962,Pendiente,,
RefacCel Liera,Michoacán,Zacapu,19.816703,-101.793112,Pendiente,,
Reparacels naranja,Michoacán,Zacapu,19.776505,-101.759682,Pendiente,,
Reparacel´s Zacapu,Michoacán,Zacapu,19.816765,-101.789047,Pendiente,,
Reparacion De Celulares SERVIELECTRIC,Michoacán,Zacapu,19.820378,-101.584954,Pendiente,,
Servitel Cantabria,Michoacán,Zacapu,19.839695,-101.727824,Pendiente,,
Servitel Gral Pueblita.Distribuidor Autorizado Telcel,Michoacán,Zacapu,19.814892,-101.788635,Pendiente,,
Steren Zacapu,Michoacán,Zacapu,19.808617,-101.785419,Pendiente,,
TECNOMOVIL Zacapu,Michoacán,Zacapu,19.815024,-101.789808,Pendiente,,
TELECABLE,Michoacán,Zacapu,19.815804,-101.79282,Pendiente,,
Talle De Celulares La Cantera,Michoacán,Zacapu,19.865006,-102.407792,Pendiente,,
Tecnologia Movil,Michoacán,Zacapu,19.817224,-101.791913,Pendiente,,
Tekcel,Michoacán,Zacapu,19.816357,-101.788001,Pendiente,,
Telcel,Michoacán,Zacapu,19.818896,-101.792322,Pendiente,,
Telcel Levin,Michoacán,Zacapu,19.816011,-101.787124,Pendiente,,
Telcel Milan,Michoacán,Zacapu,19.815412,-101.788374,Pendiente,,
Telcel SERVImovil,Michoacán,Zacapu,19.817071,-101.788587,Pendiente,,
Telecable,Michoacán,Zacapu,19.816776,-101.789487,Pendiente,,
Telecom Telégrafos,Michoacán,Zacapu,19.818584,-101.789423,Pendiente,,
Telecom Zacapu,Michoacán,Zacapu,19.816636,-101.786489,Pendiente,,
Telmex,Michoacán,Zacapu,19.814833,-101.788521,Pendiente,,
Teléfonos celulares y accesorios,Michoacán,Zacapu,19.863797,-102.408496,Pendiente,,
Tienda wizz Zacapu,Michoacán,Zacapu,19.81899,-101.79452,Pendiente,,
Vioroc,Michoacán,Zacapu,19.81817,-101.792141,Pendiente,,
Zona Celular,Michoacán,Zacapu,19.818171,-101.788753,Pendiente,,
"ACTIVACIONES, REPARACION DE CELULARES Y FABRICA DE CALCOMANIAS Y ANUNCIOS",Michoacán,Zamora,19.983644,-102.277248,Pendiente,,
ACXCEL,Michoacán,Zamora,19.988837,-102.285351,Pendiente,,
AT&T,Michoacán,Zamora,20.028752,-102.276467,Pendiente,,
AT&T,Michoacán,Zamora,19.98609,-102.286493,Pendiente,,
AT&T,Michoacán,Zamora,19.984598,-102.287456,Pendiente,,
AT&T,Michoacán,Zamora,19.982201,-102.282809,Pendiente,,
AT&T ZAMORA PLAZA LAS PALOMAS,Michoacán,Zamora,19.979513,-102.290705,Pendiente,,
Accesorios Xavi,Michoacán,Zamora,19.983981,-102.284639,Pendiente,,
Accesorios y reparaciones Mike JM,Michoacán,Zamora,19.990139,-102.283254,Pendiente,,
Acuario Bajo El Mar,Michoacán,Zamora,19.987657,-102.283254,Pendiente,,
Akxcel,Michoacán,Zamora,19.98601,-102.286824,Pendiente,,
Alarmex Seguridad Electronica,Michoacán,Zamora,19.993214,-102.281427,Pendiente,,
BLCK FRAN,Michoacán,Zamora,19.99039,-102.283524,Pendiente,,
COMPUTADORAS ZAMORA 2,Michoacán,Zamora,19.98545,-102.280258,Pendiente,,
COMUNICACIONES Y CABLEADOS DE ZAMORA,Michoacán,Zamora,19.990747,-102.283627,Pendiente,,
Casa de Empeño Fundación Dondé,Michoacán,Zamora,19.984172,-102.284964,Pendiente,,
Centro Comercial Plaza Zamora,Michoacán,Zamora,19.984395,-102.285308,Pendiente,,
Centro Comercial Sentura Zamora,Michoacán,Zamora,20.028078,-102.276425,Pendiente,,
Centro de reparación de celulares,Michoacán,Zamora,20.003849,-102.29135,Pendiente,,
Coppel Plaza Ana,Michoacán,Zamora,19.97327,-102.295616,Pendiente,,
Credicelular,Michoacán,Zamora,19.984856,-102.285266,Pendiente,,
Deco Memory 5 de Mayo,Michoacán,Zamora,19.990121,-102.279556,Pendiente,,
Doctor iPhone,Michoacán,Zamora,19.987915,-102.288544,Pendiente,,
Dportenis Morelos Zamora,Michoacán,Zamora,19.985353,-102.285595,Pendiente,,
ELEKTRA ZAMORA 5 DE MAYO,Michoacán,Zamora,19.982211,-102.282873,Pendiente,,
Electronic Migue,Michoacán,Zamora,19.985035,-102.28664,Pendiente,,
Electronic Solution`s,Michoacán,Zamora,19.98389,-102.250334,Pendiente,,
Elektra,Michoacán,Zamora,19.984564,-102.287436,Pendiente,,
Elektra,Michoacán,Zamora,19.975072,-102.294132,Pendiente,,
Empeño Fácil Zamora,Michoacán,Zamora,19.980731,-102.283633,Pendiente,,
Estrenaz cel tangamandapio 2,Michoacán,Zamora,19.954359,-102.432443,Pendiente,,
Estrenaz-Cel,Michoacán,Zamora,19.983386,-102.282578,Pendiente,,
FIXCEL venta de Celulares de alta gama,Michoacán,Zamora,19.849192,-102.119849,Pendiente,,
Fix Ferreterías Zamora,Michoacán,Zamora,19.97954,-102.283628,Pendiente,,
Globoinnova,Michoacán,Zamora,19.986314,-102.28504,Pendiente,,
Green Accesorios Exclusivos,Michoacán,Zamora,19.986193,-102.283649,Pendiente,,
Grupo Star Phone,Michoacán,Zamora,19.986345,-102.286204,Pendiente,,
HM accesorios,Michoacán,Zamora,19.983444,-102.285255,Pendiente,,
ICELL todo para tu celular y tecnología,Michoacán,Zamora,19.984846,-102.284923,Pendiente,,
Ilox Telecomunicaciones,Michoacán,Zamora,19.98808,-102.287706,Pendiente,,
Imir Case,Michoacán,Zamora,19.986064,-102.285377,Pendiente,,
Infinitum Movil Wi-Fi - Internet Gratis,Michoacán,Zamora,19.991934,-102.282468,Pendiente,,
Infinitum Movil Wi-Fi - Internet Gratis,Michoacán,Zamora,19.977999,-102.291398,Pendiente,,
LA CASA DE LAS CARCASAS SENTURA ZAMORA,Michoacán,Zamora,20.028077,-102.276425,Pendiente,,
La Palma de Zamora,Michoacán,Zamora,19.991829,-102.278702,Pendiente,,
MARVAR COMPUTADORAS,Michoacán,Zamora,19.985903,-102.290838,Pendiente,,
MASTERSCELL,Michoacán,Zamora,19.982272,-102.283535,Pendiente,,
MEGACEL ZAMORA,Michoacán,Zamora,19.982489,-102.283665,Pendiente,,
MG zone repair,Michoacán,Zamora,19.989994,-102.284023,Pendiente,,
Macropay,Michoacán,Zamora,19.984691,-102.287346,Pendiente,,
Madero Norte Centro 279,Michoacán,Zamora,19.987768,-102.285319,Pendiente,,
Mano Negra Electrónica,Michoacán,Zamora,19.985713,-102.2867,Pendiente,,
Medica Movil Zamora,Michoacán,Zamora,19.980866,-102.286426,Pendiente,,
Mercado Hidalgo,Michoacán,Zamora,19.981201,-102.285254,Pendiente,,
"Mercado Morelos, Zamora, Michoacán",Michoacán,Zamora,19.98325,-102.285538,Pendiente,,
"Microteck, (Cybercafe Y Renta De Xbox)",Michoacán,Zamora,19.990802,-102.29304,Pendiente,,
Moboshop Sentura Zamora,Michoacán,Zamora,20.027803,-102.276432,Pendiente,,
Modatelas Zamora,Michoacán,Zamora,19.983962,-102.286523,Pendiente,,
Muebles América (Suc. Juárez Zamora),Michoacán,Zamora,19.987662,-102.280731,Pendiente,,
Móvil Evolution,Michoacán,Zamora,20.00948,-102.291268,Pendiente,,
NEOCOMP COMPUTADORAS Y CELULARES,Michoacán,Zamora,19.98954,-102.288259,Pendiente,,
Navieri,Michoacán,Zamora,19.985076,-102.287252,Pendiente,,
OXXO Zamora Escutia,Michoacán,Zamora,19.99553,-102.291683,Pendiente,,
OXXO Zamora Madero,Michoacán,Zamora,19.987129,-102.285939,Pendiente,,
Oxxo Hacienda del Valle Zamora,Michoacán,Zamora,19.991354,-102.251382,Pendiente,,
Oxxo Zamora Centro,Michoacán,Zamora,19.984184,-102.284889,Pendiente,,
Oxxo Zamora pirul,Michoacán,Zamora,19.977848,-102.277017,Pendiente,,
PARISINA ZAMORA,Michoacán,Zamora,19.984109,-102.285352,Pendiente,,
PC Tech Zamora,Michoacán,Zamora,19.985871,-102.286561,Pendiente,,
PLANETA Celular,Michoacán,Zamora,19.992093,-102.267391,Pendiente,,
Pabry smart shop,Michoacán,Zamora,19.986127,-102.28521,Pendiente,,
Papeleria Cisne de Zamora SA de CV,Michoacán,Zamora,19.989767,-102.279244,Pendiente,,
Papelería El Santuario de Zamora,Michoacán,Zamora,19.983965,-102.283079,Pendiente,,
Pc mas,Michoacán,Zamora,19.995413,-102.299669,Pendiente,,
Phone,Michoacán,Zamora,19.982614,-102.284292,Pendiente,,
Pirma Zamora,Michoacán,Zamora,19.986295,-102.28508,Pendiente,,
Plaza Principal Zamora Michoacán,Michoacán,Zamora,19.98388,-102.286253,Pendiente,,
Primera Plus,Michoacán,Zamora,19.974259,-102.268126,Pendiente,,
RED CELULAR,Michoacán,Zamora,20.003827,-102.290655,Pendiente,,
REPARACEL ANTÚNEZ,Michoacán,Zamora,19.0094,-102.204117,Pendiente,,
RYSE ZAMORA,Michoacán,Zamora,19.98431,-102.281955,Pendiente,,
Refaccionaria Motomax,Michoacán,Zamora,19.939099,-102.318834,Pendiente,,
Relaciones Rigo,Michoacán,Zamora,20.002195,-102.273781,Pendiente,,
Reparacion Celulares,Michoacán,Zamora,20.002118,-102.274028,Pendiente,,
Reparaciones MR,Michoacán,Zamora,19.98181,-102.280689,Pendiente,,
Reparaciones de celular,Michoacán,Zamora,19.993405,-102.293615,Pendiente,,
Reparación De Celulares,Michoacán,Zamora,19.9785,-102.282508,Pendiente,,
"Reparación De Celulares ""La radio""",Michoacán,Zamora,19.980168,-102.28338,Pendiente,,
Reparación de Celulares Express,Michoacán,Zamora,19.862998,-102.40911,Pendiente,,
Reparación de celular,Michoacán,Zamora,20.006727,-102.315663,Pendiente,,
Sam's Club,Michoacán,Zamora,19.970983,-102.295479,Pendiente,,
Servicio Móvil,Michoacán,Zamora,19.999786,-102.308086,Pendiente,,
Servicio Técnico Apple,Michoacán,Zamora,19.975384,-102.289033,Pendiente,,
Steren Zamora,Michoacán,Zamora,19.984748,-102.287377,Pendiente,,
Super Herbal Tienda Naturista,Michoacán,Zamora,19.987599,-102.284466,Pendiente,,
TECNOPROMOVIL,Michoacán,Zamora,19.986695,-102.285392,Pendiente,,
TECZA Refacciones Para Celular,Michoacán,Zamora,19.982567,-102.27788,Pendiente,,
"TECZA, Refacciones Para Celular",Michoacán,Zamora,19.98181,-102.281515,Pendiente,,
TELZA DISTRIBUIDIR AUTORIZADO TELCEL,Michoacán,Zamora,19.980693,-102.283695,Pendiente,,
TELZA Distribuidor autorizado TELCEL,Michoacán,Zamora,19.981494,-102.286402,Pendiente,,
Taller de Celulares López,Michoacán,Zamora,19.982776,-102.284161,Pendiente,,
Tecni- cell,Michoacán,Zamora,19.998379,-102.292666,Pendiente,,
Tecno store electronica,Michoacán,Zamora,19.985311,-102.28729,Pendiente,,
Telcel,Michoacán,Zamora,19.980423,-102.291424,Pendiente,,
Telcel,Michoacán,Zamora,19.98574,-102.285559,Pendiente,,
Telcel Distribuidor Autorizado,Michoacán,Zamora,19.981903,-102.283224,Pendiente,,
Telcel Lindavista,Michoacán,Zamora,19.991958,-102.252364,Pendiente,,
Telcel Zamora Sentura,Michoacán,Zamora,20.028647,-102.27647,Pendiente,,
Telecable Zamora,Michoacán,Zamora,20.003462,-102.283236,Pendiente,,
Telecom,Michoacán,Zamora,19.986141,-102.284082,Pendiente,,
Telmex,Michoacán,Zamora,19.991939,-102.282401,Pendiente,,
Tienda Merza Sucursal Mercado de Zamora,Michoacán,Zamora,19.987615,-102.286011,Pendiente,,
Toys Candy's Sex Shop,Michoacán,Zamora,19.987682,-102.281121,Pendiente,,
VERTICHE Zamora,Michoacán,Zamora,19.984993,-102.287,Pendiente,,
Waldo's Zamora Centro,Michoacán,Zamora,19.984855,-102.286673,Pendiente,,
Woolworth,Michoacán,Zamora,19.986348,-102.286374,Pendiente,,
YO REPAROTUCEL,Michoacán,Zamora,19.98242,-102.283818,Pendiente,,
Yuju Cases and Accesories,Michoacán,Zamora,19.981118,-102.281016,Pendiente,,
Z93 IMIR CASE ( PABRY SMART ) SUCURSAL,Michoacán,Zamora,19.98593,-102.285304,Pendiente,,
Zamofix,Michoacán,Zamora,19.983899,-102.280657,Pendiente,,
ZonaPc,Michoacán,Zamora,19.985354,-102.28737,Pendiente,,
fixcel,Michoacán,Zamora,19.957439,-102.30515,Pendiente,,
iShop Sentura Zamora Michoacán,Michoacán,Zamora,20.027646,-102.276842,Pendiente,,
redmax,Michoacán,Zamora,19.971422,-102.274063,Pendiente,,
servicio tecnico Gonzalez,Michoacán,Zamora,19.981058,-102.28235,Pendiente,,
ACTECHNOLOGI,Michoacán,Zinapecuaro,19.860743,-100.828206,Pendiente,,
Aplitec Reparaciones de celulares,Michoacán,Zinapecuaro,19.859923,-100.826868,Pendiente,,
Coppel Cárdenas,Michoacán,Zinapecuaro,19.859556,-100.830787,Pendiente,,
El Bodegón,Michoacán,Zinapecuaro,19.85837,-100.83002,Pendiente,,
Elektra,Michoacán,Zinapecuaro,19.859777,-100.829964,Pendiente,,
Ferretería Mejía,Michoacán,Zinapecuaro,19.855616,-100.827703,Pendiente,,
Huertacell Jerahuaro,Michoacán,Zinapecuaro,19.879044,-100.642813,Pendiente,,
ISC Master Solutions,Michoacán,Zinapecuaro,19.859866,-100.829073,Pendiente,,
LA ESCONDIDA,Michoacán,Zinapecuaro,19.859131,-100.827281,Pendiente,,
La chulada 1,Michoacán,Zinapecuaro,19.859692,-100.826167,Pendiente,,
Movistar,Michoacán,Zinapecuaro,19.859933,-100.829459,Pendiente,,
OXXO Crucero MLM,Michoacán,Zinapecuaro,19.818927,-100.827823,Pendiente,,
OXXO ZinapecuaroLopez MOR,Michoacán,Zinapecuaro,19.855825,-100.829978,Pendiente,,
Oxxo Zinapecuaro Hidalgo,Michoacán,Zinapecuaro,19.860239,-100.828378,Pendiente,,
Rodricell Reparación de celulares,Michoacán,Zinapecuaro,19.794006,-101.142426,Pendiente,,
Serví phone Huiramba,Michoacán,Zinapecuaro,19.545439,-101.435376,Pendiente,,
Telcel,Michoacán,Zinapecuaro,19.859329,-100.828142,Pendiente,,
Telecable,Michoacán,Zinapecuaro,19.859948,-100.827702,Pendiente,,
Telecom,Michoacán,Zinapecuaro,19.860074,-100.82794,Pendiente,,
Teléfonos & Accesorios “Vázquez”,Michoacán,Zinapecuaro,19.859205,-100.829956,Pendiente,,
Zinapecuaro Mart,Michoacán,Zinapecuaro,19.85872,-100.830006,Pendiente,,
AT&T,Michoacán,Zitacuaro,19.429331,-100.348059,Pendiente,,
AT&T,Michoacán,Zitacuaro,19.434486,-100.357383,Pendiente,,
AT&T,Michoacán,Zitacuaro,19.437677,-100.360269,Pendiente,,
Allphoncel,Michoacán,Zitacuaro,19.261883,-100.457471,Pendiente,,
BMOVIL ZITACUARO,Michoacán,Zitacuaro,19.437544,-100.35784,Pendiente,,
CC DIGITAL,Michoacán,Zitacuaro,19.435558,-100.358311,Pendiente,,
COQUETERIAS ACCESORIOS,Michoacán,Zitacuaro,19.435816,-100.357654,Pendiente,,
Casa de Empeño Fundación Dondé,Michoacán,Zitacuaro,19.438598,-100.357359,Pendiente,,
CellKing Zitacuaro,Michoacán,Zitacuaro,19.436177,-100.355582,Pendiente,,
Cellular Boutique,Michoacán,Zitacuaro,19.437741,-100.355858,Pendiente,,
Celulares Edgar,Michoacán,Zitacuaro,19.441289,-100.35517,Pendiente,,
Celulares Evonet,Michoacán,Zitacuaro,19.434153,-100.346503,Pendiente,,
Celulares y Accesorios,Michoacán,Zitacuaro,19.436764,-100.357187,Pendiente,,
Central de Autobuses Zitácuaro,Michoacán,Zitacuaro,19.435726,-100.345174,Pendiente,,
Centro de servicio celular repara7,Michoacán,Zitacuaro,19.435526,-100.345334,Pendiente,,
Coppel Motos Zitácuaro,Michoacán,Zitacuaro,19.43601,-100.35646,Pendiente,,
DISISA STORE SA DE CV,Michoacán,Zitacuaro,19.436023,-100.354781,Pendiente,,
Distribuidor Autorizado Sky Zitacuaro,Michoacán,Zitacuaro,19.438467,-100.355262,Pendiente,,
ET-CEL,Michoacán,Zitacuaro,19.434937,-100.358145,Pendiente,,
Elektra,Michoacán,Zitacuaro,19.428679,-100.348139,Pendiente,,
Elektra,Michoacán,Zitacuaro,19.437677,-100.360269,Pendiente,,
Elektra,Michoacán,Zitacuaro,19.435777,-100.356491,Pendiente,,
Evonet,Michoacán,Zitacuaro,19.435718,-100.356718,Pendiente,,
Evonet Accesorios,Michoacán,Zitacuaro,19.436461,-100.356203,Pendiente,,
Evonet Celulares,Michoacán,Zitacuaro,19.436833,-100.356122,Pendiente,,
Evonet Celulares Sucursal Hidalgo,Michoacán,Zitacuaro,19.437412,-100.355674,Pendiente,,
Evonet Computer,Michoacán,Zitacuaro,19.435904,-100.358681,Pendiente,,
Evonet Degollado,Michoacán,Zitacuaro,19.438534,-100.35557,Pendiente,,
Evonet S.A. de C.V.,Michoacán,Zitacuaro,19.435634,-100.35039,Pendiente,,
FR Movil Zitacuaro,Michoacán,Zitacuaro,19.433656,-100.360006,Pendiente,,
G-Start,Michoacán,Zitacuaro,19.437558,-100.360499,Pendiente,,
La Flecha,Michoacán,Zitacuaro,19.415909,-100.344594,Pendiente,,
Labotec Jayro Salinas Zitacuaro,Michoacán,Zitacuaro,19.439052,-100.354862,Pendiente,,
MEGACELL REPARACIONES,Michoacán,Zitacuaro,19.43836,-100.355547,Pendiente,,
MEGAFON,Michoacán,Zitacuaro,19.437377,-100.357994,Pendiente,,
MUNDO MÓVIL,Michoacán,Zitacuaro,19.437433,-100.356046,Pendiente,,
Mantenimiento y Reparación de Equipos de Computo y Celulares,Michoacán,Zitacuaro,19.430509,-100.35513,Pendiente,,
Mastercellzit,Michoacán,Zitacuaro,19.434958,-100.350122,Pendiente,,
Mega Cel,Michoacán,Zitacuaro,19.435234,-100.359022,Pendiente,,
MBILCENTER,Michoacán,Zitacuaro,19.4378,-100.356269,Pendiente,,
OXXO MONARCA,Michoacán,Zitacuaro,19.428295,-100.345593,Pendiente,,
OXXO Miguel Carrillo,Michoacán,Zitacuaro,19.442979,-100.354187,Pendiente,,
OXXO Tuzantla,Michoacán,Zitacuaro,19.430405,-100.371141,Pendiente,,
OXXO VALLE VERDE,Michoacán,Zitacuaro,19.47572,-100.352828,Pendiente,,
OXXO ZITÁCUARO TLC,Michoacán,Zitacuaro,19.435678,-100.321735,Pendiente,,
OXXO general pueblita,Michoacán,Zitacuaro,19.435266,-100.345762,Pendiente,,
Oxxo Crescencio,Michoacán,Zitacuaro,19.438826,-100.364938,Pendiente,,
Oxxo Degollado,Michoacán,Zitacuaro,19.438093,-100.354676,Pendiente,,
Oxxo Dr. Emilio,Michoacán,Zitacuaro,19.435138,-100.359313,Pendiente,,
Oxxo Jardin Constitución,Michoacán,Zitacuaro,19.438183,-100.359895,Pendiente,,
Oxxo Jose María,Michoacán,Zitacuaro,19.440242,-100.357541,Pendiente,,
Oxxo Morelia,Michoacán,Zitacuaro,19.42915,-100.362756,Pendiente,,
Oxxo Obregón,Michoacán,Zitacuaro,19.435039,-100.363381,Pendiente,,
Oxxo Salazar,Michoacán,Zitacuaro,19.431591,-100.357068,Pendiente,,
Oxxo Zitácuaro centro,Michoacán,Zitacuaro,19.437681,-100.356622,Pendiente,,
Oxxo estación fuentes,Michoacán,Zitacuaro,19.430719,-100.347912,Pendiente,,
REPARACELNETO,Michoacán,Zitacuaro,19.433944,-100.346577,Pendiente,,
Reparación De Celulares,Michoacán,Zitacuaro,20.486553,-100.968655,Pendiente,,
Reparación de Celulares FixZit,Michoacán,Zitacuaro,19.437357,-100.358556,Pendiente,,
Servi-express reparacion de electrodomesticos,Michoacán,Zitacuaro,19.432891,-100.360636,Pendiente,,
"Servicios móviles 3ON Delivery 24/7""",Michoacán,Zitacuaro,19.435404,-100.347956,Pendiente,,
Soluciones Tecnológicas Fénix,Michoacán,Zitacuaro,19.43343,-100.353007,Pendiente,,
Steren Zitácuaro,Michoacán,Zitacuaro,19.434761,-100.357114,Pendiente,,
Suburbia,Michoacán,Zitacuaro,19.429415,-100.347989,Pendiente,,
SÚPER CHE ZITÁCUARO,Michoacán,Zitacuaro,19.438203,-100.357077,Pendiente,,
TECNICELL laboratorio de celulares,Michoacán,Zitacuaro,19.434072,-100.359448,Pendiente,,
TecnoPlus,Michoacán,Zitacuaro,19.437304,-100.361378,Pendiente,,
Tecnoshop,Michoacán,Zitacuaro,19.436123,-100.35676,Pendiente,,
Tecnoshop Celulares Tabletes Laptops,Michoacán,Zitacuaro,19.438613,-100.356329,Pendiente,,
Telcel Ivaran,Michoacán,Zitacuaro,19.426898,-100.355226,Pendiente,,
Telcel M.R.,Michoacán,Zitacuaro,19.438675,-100.357326,Pendiente,,
Telcel Ocampo,Michoacán,Zitacuaro,19.437411,-100.358177,Pendiente,,
Telcel Zitácuaro,Michoacán,Zitacuaro,19.428443,-100.346259,Pendiente,,
Telcel celulares y accesorios,Michoacán,Zitacuaro,19.436764,-100.357187,Pendiente,,
Telmex,Michoacán,Zitacuaro,19.437348,-100.355265,Pendiente,,
Tianguis de Zitacuaro,Michoacán,Zitacuaro,19.442818,-100.358643,Pendiente,,
Todo de Todo,Michoacán,Zitacuaro,19.439105,-100.358009,Pendiente,,
VeTV SKY ZITACUARO,Michoacán,Zitacuaro,19.435307,-100.357174,Pendiente,,
WebLand Multiservicios,Michoacán,Zitacuaro,19.432852,-100.369727,Pendiente,,
XBOX,Michoacán,Zitacuaro,19.430676,-100.333607,Pendiente,,
ZitaCell,Michoacán,Zitacuaro,19.432543,-100.361973,Pendiente,,
celulares yankee,Michoacán,Zitacuaro,19.423345,-100.359758,Pendiente,,
tecnocell reyes servicio tecnico de celulares,Michoacán,Zitacuaro,19.435152,-100.348582,Pendiente,,
AT&T,Nayarit,Acaponeta,22.493201,-105.361871,Pendiente,,
AUTOBUSES NAYAR,Nayarit,Acaponeta,22.490476,-105.362433,Pendiente,,
AcapoNet,Nayarit,Acaponeta,22.495979,-105.357816,Pendiente,,
Ara accesorios,Nayarit,Acaponeta,22.491795,-105.360948,Pendiente,,
BanCoppel Acaponeta,Nayarit,Acaponeta,22.487455,-105.366093,Pendiente,,
CENTRO PAGOS DITEC,Nayarit,Acaponeta,22.492328,-105.360589,Pendiente,,
"Centro de Servicio Tabletas SEP ""JP-IUSA""",Nayarit,Acaponeta,22.494664,-105.361345,Pendiente,,
Coppel Acaponeta,Nayarit,Acaponeta,22.489904,-105.368199,Pendiente,,
ELEKTRA,Nayarit,Acaponeta,22.493273,-105.361845,Pendiente,,
El Mercadito,Nayarit,Acaponeta,22.500492,-105.358883,Pendiente,,
"Hersycel Distribuidor Autorizado Telcel ""Sucursal Acaponeta""",Nayarit,Acaponeta,22.491901,-105.360685,Pendiente,,
Hospital de Celulares,Nayarit,Acaponeta,22.493583,-105.360599,Pendiente,,
MiMovil Acaponeta,Nayarit,Acaponeta,22.493237,-105.361168,Pendiente,,
MoneyGram,Nayarit,Acaponeta,22.489904,-105.368199,Pendiente,,
OXXO,Nayarit,Acaponeta,22.489565,-105.383709,Pendiente,,
OXXO,Nayarit,Acaponeta,22.490209,-105.360821,Pendiente,,
OXXO MOLINO,Nayarit,Acaponeta,22.49332,-105.365168,Pendiente,,
OXXO SANTUARIO ACAPONETA,Nayarit,Acaponeta,22.497616,-105.360286,Pendiente,,
OXXO Tepic Acaponeta Morelos GDL,Nayarit,Acaponeta,22.489625,-105.365004,Pendiente,,
Oxxo Mercado,Nayarit,Acaponeta,22.493059,-105.360498,Pendiente,,
Pvt. Acaponeta Veracruz. Distribuidor Autorizado Telcel,Nayarit,Acaponeta,22.49396,-105.36369,Pendiente,,
RECIKLA PC,Nayarit,Acaponeta,22.489425,-105.363261,Pendiente,,
"REPARACION DE CELULARES ""EL CARITA""",Nayarit,Acaponeta,22.487064,-105.37517,Pendiente,,
Servicel Acaponeta,Nayarit,Acaponeta,22.49139,-105.36072,Pendiente,,
Servillantas Kiki,Nayarit,Acaponeta,22.492169,-105.362854,Pendiente,,
TUFESA Acaponeta,Nayarit,Acaponeta,22.491271,-105.384124,Pendiente,,
Taller de celulares “ el Ramírez ”,Nayarit,Acaponeta,22.506303,-105.36456,Pendiente,,
Telcel- Ditec Veracruz,Nayarit,Acaponeta,22.492852,-105.361197,Pendiente,,
Tienda de Luis,Nayarit,Acaponeta,22.493272,-105.361203,Pendiente,,
Vivankirris,Nayarit,Acaponeta,22.491697,-105.360774,Pendiente,,
Wero Micas,Nayarit,Acaponeta,22.491319,-105.363456,Pendiente,,
"Abarrotes ""LA CHATA""",Nayarit,Ahuacatlan,21.053999,-104.493713,Pendiente,,
Abarrotes Salida A Amatlán,Nayarit,Ahuacatlan,21.051304,-104.475168,Pendiente,,
"Abarrotes y Dulcería ""Vanessa""",Nayarit,Ahuacatlan,21.054565,-104.493438,Pendiente,,
Agroproductos Espacio,Nayarit,Ahuacatlan,21.057777,-104.481646,Pendiente,,
American Shop,Nayarit,Ahuacatlan,21.051858,-104.483269,Pendiente,,
"Bicicletas Refacciones Y Accesorios ""El Profe""",Nayarit,Ahuacatlan,21.051507,-104.482887,Pendiente,,
Bloquera El llano,Nayarit,Ahuacatlan,21.060678,-104.478756,Pendiente,,
Bodega de Frutería Chiquis,Nayarit,Ahuacatlan,21.057323,-104.482593,Pendiente,,
"Christian Ropa, Blancos y Novedades",Nayarit,Ahuacatlan,21.053085,-104.483609,Pendiente,,
Colchas Concord Ahuacatlan,Nayarit,Ahuacatlan,21.051035,-104.48074,Pendiente,,
Combu-Express,Nayarit,Ahuacatlan,21.056903,-104.481338,Pendiente,,
Correos de México,Nayarit,Ahuacatlan,21.054351,-104.483148,Pendiente,,
D-K Fluye,Nayarit,Ahuacatlan,20.879968,-104.520225,Pendiente,,
Electro-Muebles,Nayarit,Ahuacatlan,21.053551,-104.483324,Pendiente,,
Elektra,Nayarit,Ahuacatlan,21.054454,-104.482839,Pendiente,,
En Globo Un Globo Para Ti,Nayarit,Ahuacatlan,21.052613,-104.487548,Pendiente,,
FERREMATRIALES GONZALEZ,Nayarit,Ahuacatlan,21.0554,-104.482768,Pendiente,,
Farmacia Guadalupana y venta de Pronósticos,Nayarit,Ahuacatlan,21.051149,-104.484525,Pendiente,,
Farmacias Sufacen Ahuacatlán,Nayarit,Ahuacatlan,21.050333,-104.483793,Pendiente,,
Ferremateriales Celis,Nayarit,Ahuacatlan,21.056977,-104.482253,Pendiente,,
Ferretería La Providencia,Nayarit,Ahuacatlan,21.053461,-104.48338,Pendiente,,
GOLOSILANDIA AHUACATLAN,Nayarit,Ahuacatlan,21.052916,-104.48357,Pendiente,,
Gallos La Huerta,Nayarit,Ahuacatlan,21.047502,-104.47905,Pendiente,,
Gira Multillantas,Nayarit,Ahuacatlan,21.057586,-104.481669,Pendiente,,
Gira Multillantas,Nayarit,Ahuacatlan,21.059274,-104.496139,Pendiente,,
González,Nayarit,Ahuacatlan,21.051717,-104.484269,Pendiente,,
"Hersycel Distribuidor Autorizado Telcel ""Sucursal Ahuacatlan""",Nayarit,Ahuacatlan,21.050905,-104.484556,Pendiente,,
Ilian´s Floreria,Nayarit,Ahuacatlan,21.053503,-104.483352,Pendiente,,
Infinitum Movil Wi-Fi - Internet Gratis,Nayarit,Ahuacatlan,21.051511,-104.477425,Pendiente,,
JOIS cosmetics,Nayarit,Ahuacatlan,21.051983,-104.484131,Pendiente,,
LC Repair,Nayarit,Ahuacatlan,21.051495,-104.482732,Pendiente,,
La GUSGERIA,Nayarit,Ahuacatlan,21.049177,-104.482626,Pendiente,,
Llantas Distribuidora El Chino Mojarro,Nayarit,Ahuacatlan,21.05752,-104.481705,Pendiente,,
Los Petalitos,Nayarit,Ahuacatlan,21.05028,-104.483628,Pendiente,,
MUBA ROPA AMERICANA,Nayarit,Ahuacatlan,21.051544,-104.476981,Pendiente,,
Majo Fruits,Nayarit,Ahuacatlan,21.05505,-104.476788,Pendiente,,
Maquillaje Ahuacatlan,Nayarit,Ahuacatlan,21.053826,-104.483523,Pendiente,,
Maritere Moda Actual,Nayarit,Ahuacatlan,21.051268,-104.484425,Pendiente,,
Mi Bodega Aurrerá Ahuacatlán,Nayarit,Ahuacatlan,21.057642,-104.480305,Pendiente,,
Miel Elit,Nayarit,Ahuacatlan,21.052618,-104.481643,Pendiente,,
MielElit,Nayarit,Ahuacatlan,21.05095,-104.485468,Pendiente,,
Mini Super Jaime,Nayarit,Ahuacatlan,21.052923,-104.483391,Pendiente,,
Mini Súper Vinos y Licores Toño,Nayarit,Ahuacatlan,21.05193,-104.483482,Pendiente,,
Minisuper El Llano,Nayarit,Ahuacatlan,21.057624,-104.482184,Pendiente,,
Minisuper Maxi,Nayarit,Ahuacatlan,21.049098,-104.48085,Pendiente,,
Minisuper del Centro,Nayarit,Ahuacatlan,21.051921,-104.483451,Pendiente,,
Módulo Permanente del INE,Nayarit,Ahuacatlan,21.054015,-104.483564,Pendiente,,
OXXO Tepic Ahuacatlan Centro GDL,Nayarit,Ahuacatlan,21.052159,-104.483936,Pendiente,,
OXXO Tepic Ahuacatlan GDL,Nayarit,Ahuacatlan,21.0569,-104.481776,Pendiente,,
Omnibus De México - Ahuacatlan,Nayarit,Ahuacatlan,21.057036,-104.481922,Pendiente,,
Papelería del estudiante,Nayarit,Ahuacatlan,21.051026,-104.480714,Pendiente,,
Papelería fausto,Nayarit,Ahuacatlan,21.051252,-104.484218,Pendiente,,
Papelería la cultura,Nayarit,Ahuacatlan,21.051185,-104.484444,Pendiente,,
Pastelería “Postrería Ahuacatlán”,Nayarit,Ahuacatlan,21.051735,-104.485358,Pendiente,,
Plaza Principal Ahuacatlán,Nayarit,Ahuacatlan,21.051579,-104.483893,Pendiente,,
Presidencia Municipal,Nayarit,Ahuacatlan,21.050583,-104.484727,Pendiente,,
Punto Yastás en Novedades Maribel,Nayarit,Ahuacatlan,21.051476,-104.484364,Pendiente,,
Refaccionaria Auto One,Nayarit,Ahuacatlan,21.057904,-104.483982,Pendiente,,
Refaccionaria Ramirez,Nayarit,Ahuacatlan,21.057883,-104.483824,Pendiente,,
SUPERNOVA,Nayarit,Ahuacatlan,21.121556,-104.35765,Pendiente,,
San Miguel,Nayarit,Ahuacatlan,21.053963,-104.483893,Pendiente,,
Taller mecanico y electrico ROMCARS,Nayarit,Ahuacatlan,21.05625,-104.48003,Pendiente,,
Telcel,Nayarit,Ahuacatlan,21.054201,-104.482973,Pendiente,,
Terraza Cafe Boutique,Nayarit,Ahuacatlan,21.051115,-104.483571,Pendiente,,
Tienda izzi Ahuacatlan,Nayarit,Ahuacatlan,21.052201,-104.483846,Pendiente,,
Únete telecom,Nayarit,Ahuacatlan,21.053379,-104.481065,Pendiente,,
OXXO AMATLAN DE CAÑAS (501EW),Nayarit,Amatlan de Canas,20.806924,-104.401896,Pendiente,,
"Reparación de celulares Y venta de equipos ""Mayoya""",Nayarit,Amatlan de Canas,20.810154,-104.40382,Pendiente,,
ACCESORIOS DE LA TECNOLOGIA,Nayarit,Bahia de Banderas,20.722349,-105.277632,Pendiente,,
ALBERT-CELL REPARACIÓNES ️,Nayarit,Bahia de Banderas,20.656938,-105.234947,Pendiente,,
AT&T,Nayarit,Bahia de Banderas,20.638126,-105.22173,Pendiente,,
AT&T,Nayarit,Bahia de Banderas,20.645025,-105.217652,Pendiente,,
AT&T,Nayarit,Bahia de Banderas,20.748261,-105.312082,Pendiente,,
AT&T,Nayarit,Bahia de Banderas,20.721043,-105.276587,Pendiente,,
AnthonyCel Reparación de celulares,Nayarit,Bahia de Banderas,20.717674,-105.213345,Pendiente,,
Aquí Reparamos,Nayarit,Bahia de Banderas,20.749068,-105.25305,Pendiente,,
Articulos Moviles Integrados,Nayarit,Bahia de Banderas,20.722349,-105.277632,Pendiente,,
As Shopping Celulares and More Ixtapa,Nayarit,Bahia de Banderas,20.717475,-105.210765,Pendiente,,
BAYMEL Productos,Nayarit,Bahia de Banderas,20.807184,-105.255399,Pendiente,,
BOUTIQUE CELULAR,Nayarit,Bahia de Banderas,20.645387,-105.217754,Pendiente,,
Bazar Compra Venta Alex,Nayarit,Bahia de Banderas,20.654811,-105.219196,Pendiente,,
Bazar el ofertón,Nayarit,Bahia de Banderas,20.806365,-105.253127,Pendiente,,
BrandOn Phone Repair,Nayarit,Bahia de Banderas,20.656232,-105.225152,Pendiente,,
Bross Mobile Audio,Nayarit,Bahia de Banderas,20.760902,-105.230213,Pendiente,,
CELULAR HOME,Nayarit,Bahia de Banderas,20.731725,-105.282289,Pendiente,,
CELULARPLUS,Nayarit,Bahia de Banderas,20.654552,-105.235668,Pendiente,,
"COPIAS, IMPRESIONES Y TRÁMITES",Nayarit,Bahia de Banderas,20.725612,-105.269746,Pendiente,,
CRISTHIAN CELL,Nayarit,Bahia de Banderas,20.639755,-105.233441,Pendiente,,
Casa de Empeño Fundación Dondé,Nayarit,Bahia de Banderas,20.722226,-105.27809,Pendiente,,
Celatec Telcel,Nayarit,Bahia de Banderas,20.756878,-105.338622,Pendiente,,
Cell Home Vallarta,Nayarit,Bahia de Banderas,20.628878,-105.229238,Pendiente,,
Celular Express,Nayarit,Bahia de Banderas,20.620329,-105.229308,Pendiente,,
CompracellPV,Nayarit,Bahia de Banderas,20.653863,-105.219397,Pendiente,,
Conexion Vallarta,Nayarit,Bahia de Banderas,20.640419,-105.233352,Pendiente,,
Coppel Canada San José del Valle,Nayarit,Bahia de Banderas,20.761201,-105.228701,Pendiente,,
Crepas I'micky,Nayarit,Bahia de Banderas,20.805708,-105.252366,Pendiente,,
DesEstrellados,Nayarit,Bahia de Banderas,20.764297,-105.2267,Pendiente,,
Distribuidor Surtecell Crucero,Nayarit,Bahia de Banderas,20.654495,-105.239868,Pendiente,,
Eco-cell,Nayarit,Bahia de Banderas,20.716442,-105.210478,Pendiente,,
Elektra,Nayarit,Bahia de Banderas,20.760993,-105.229318,Pendiente,,
Elektra Mezcales,Nayarit,Bahia de Banderas,20.731268,-105.282954,Pendiente,,
Evolución El Mundo de la Tecnología,Nayarit,Bahia de Banderas,20.640769,-105.232898,Pendiente,,
FUNDA MODA Accesorios para celulares y tablets,Nayarit,Bahia de Banderas,20.749691,-105.252561,Pendiente,,
Farmacias Medikasim Plus Valle de Banderas,Nayarit,Bahia de Banderas,20.807347,-105.247605,Pendiente,,
Fix-Boyz,Nayarit,Bahia de Banderas,20.866798,-105.441892,Pendiente,,
FixZone,Nayarit,Bahia de Banderas,20.616318,-105.230529,Pendiente,,
"G&S Electronic""s venta y reparación de celulares",Nayarit,Bahia de Banderas,20.654023,-105.218043,Pendiente,,
"Hackema - Celulares, Electrónica y computadoras",Nayarit,Bahia de Banderas,20.671398,-105.202753,Pendiente,,
Hackema - Reparación de computadoras y celulares,Nayarit,Bahia de Banderas,20.652493,-105.212132,Pendiente,,
Hospital de Celulares,Nayarit,Bahia de Banderas,20.757249,-105.340481,Pendiente,,
I LOVE BAHÍA Fundas y Accesorios,Nayarit,Bahia de Banderas,20.74969,-105.252562,Pendiente,,
INNOVACEL,Nayarit,Bahia de Banderas,20.655652,-105.209841,Pendiente,,
IsaacCel,Nayarit,Bahia de Banderas,20.62003,-105.227627,Pendiente,,
JapCell,Nayarit,Bahia de Banderas,20.722358,-105.277876,Pendiente,,
LA CASA DE LAS CARCASAS GALERIAS VALLARTA,Nayarit,Bahia de Banderas,20.658293,-105.239594,Pendiente,,
LEMURCELL PV.,Nayarit,Bahia de Banderas,20.659187,-105.219309,Pendiente,,
LEMURCELL REPARACIONES ECOTERRA,Nayarit,Bahia de Banderas,20.748308,-105.157823,Pendiente,,
La Casa del Celular,Nayarit,Bahia de Banderas,20.714515,-105.206814,Pendiente,,
La Palita Ferretera,Nayarit,Bahia de Banderas,20.802897,-105.246484,Pendiente,,
La tienda de Bartola,Nayarit,Bahia de Banderas,20.806969,-105.249331,Pendiente,,
Lago Real Centro Comercial,Nayarit,Bahia de Banderas,20.721935,-105.277357,Pendiente,,
Lemurcell Pitillal,Nayarit,Bahia de Banderas,20.653749,-105.218619,Pendiente,,
Lilis Cel,Nayarit,Bahia de Banderas,20.751275,-105.253073,Pendiente,,
Llantera móvil 24/7,Nayarit,Bahia de Banderas,20.74504,-105.254717,Pendiente,,
Lottie Cell,Nayarit,Bahia de Banderas,20.749142,-105.283572,Pendiente,,
MACROSELL REFACCIONES,Nayarit,Bahia de Banderas,20.654456,-105.218324,Pendiente,,
MACROSELL REFACCIONES BAHIA,Nayarit,Bahia de Banderas,20.729751,-105.282925,Pendiente,,
MacStore La Isla Puerto Vallarta,Nayarit,Bahia de Banderas,20.645138,-105.23779,Pendiente,,
Micas & Accesorios Jazmín,Nayarit,Bahia de Banderas,20.766523,-105.434564,Pendiente,,
Micas y accesorios el Rey,Nayarit,Bahia de Banderas,20.653735,-105.218101,Pendiente,,
Mini Super Azucena,Nayarit,Bahia de Banderas,20.757626,-105.334029,Pendiente,,
Misión,Nayarit,Bahia de Banderas,20.770657,-105.255432,Pendiente,,
Mitchelle Elegant Boutique,Nayarit,Bahia de Banderas,20.808631,-105.247112,Pendiente,,
Moda-Cel Accesorios,Nayarit,Bahia de Banderas,20.749196,-105.251396,Pendiente,,
Movistar plaza lago real,Nayarit,Bahia de Banderas,20.721665,-105.277499,Pendiente,,
MundoCel-Taller de Reparacion De Celulares Express,Nayarit,Bahia de Banderas,20.639671,-105.233393,Pendiente,,
MyFonPv,Nayarit,Bahia de Banderas,20.725612,-105.269746,Pendiente,,
Máster Fix Reparación Celulares,Nayarit,Bahia de Banderas,20.730569,-105.281729,Pendiente,,
NOVEDADES Y ACCESORIOS RAMIX,Nayarit,Bahia de Banderas,20.652065,-105.218331,Pendiente,,
No disponible,Nayarit,Bahia de Banderas,20.74958,-105.251182,Pendiente,,
Novedades Pin,Nayarit,Bahia de Banderas,20.806622,-105.246773,Pendiente,,
Novedades y accesorios,Nayarit,Bahia de Banderas,20.760854,-105.348265,Pendiente,,
Novedades y accesorios para telefonos,Nayarit,Bahia de Banderas,20.751401,-105.384635,Pendiente,,
OXXO El Rosario,Nayarit,Bahia de Banderas,20.772299,-105.224146,Pendiente,,
OXXO La Misión,Nayarit,Bahia de Banderas,20.765797,-105.254038,Pendiente,,
OXXO tres caminos,Nayarit,Bahia de Banderas,20.765444,-105.222627,Pendiente,,
Oxxo Banderas,Nayarit,Bahia de Banderas,20.806643,-105.247717,Pendiente,,
Plaza Lago Real,Nayarit,Bahia de Banderas,20.721585,-105.277809,Pendiente,,
"Protectores y Accesorios para Celular, Experiencia Movil",Nayarit,Bahia de Banderas,20.657937,-105.239141,Pendiente,,
Punto Yastás en Mini Super Luis Eduardo,Nayarit,Bahia de Banderas,20.807441,-105.247102,Pendiente,,
Punto de entrega paqueteria,Nayarit,Bahia de Banderas,20.808591,-105.253659,Pendiente,,
Punto de la Tecnología,Nayarit,Bahia de Banderas,20.639548,-105.233187,Pendiente,,
Pxell Reparaciones,Nayarit,Bahia de Banderas,20.65084,-105.23864,Pendiente,,
QuintanillaStore San Pancho,Nayarit,Bahia de Banderas,20.900591,-105.411347,Pendiente,,
REFIX,Nayarit,Bahia de Banderas,20.748704,-105.25096,Pendiente,,
REPARACEL LAS JUNTAS,Nayarit,Bahia de Banderas,20.697374,-105.243252,Pendiente,,
REPARACION DE CELULARES Y COMPUTADORAS TRANSFORCEL,Nayarit,Bahia de Banderas,20.756363,-105.337805,Pendiente,,
"REPARACION DE CELULARES, VENTAS DIGITALES & MÁS",Nayarit,Bahia de Banderas,20.757551,-105.3406,Pendiente,,
REPARACIÓN EXPRESS!! Albatros,Nayarit,Bahia de Banderas,20.656268,-105.225163,Pendiente,,
RGMCell,Nayarit,Bahia de Banderas,20.761209,-105.228581,Pendiente,,
Repair shop,Nayarit,Bahia de Banderas,20.750541,-105.383592,Pendiente,,
Reparacion de Celulares HOSPICELL Puerto Vallarta,Nayarit,Bahia de Banderas,20.654159,-105.219272,Pendiente,,
Reparacion de Telefonos AudiCell venta de Pantallas por Mayoreo y Mas..,Nayarit,Bahia de Banderas,20.660862,-105.238007,Pendiente,,
"Reparacion de celulares ""LUQUIN""",Nayarit,Bahia de Banderas,20.652972,-105.21876,Pendiente,,
Reparacion de celulares Celxpres san jose,Nayarit,Bahia de Banderas,20.762765,-105.229571,Pendiente,,
Reparaciones Mr. Roβot,Nayarit,Bahia de Banderas,21.676404,-105.329579,Pendiente,,
Reparación de Celulares Ixtapa,Nayarit,Bahia de Banderas,20.71548,-105.208811,Pendiente,,
Reparación de Celulares Junior,Nayarit,Bahia de Banderas,20.756272,-105.338353,Pendiente,,
Reparación de Celulares Junior San Juan,Nayarit,Bahia de Banderas,20.815042,-105.193413,Pendiente,,
"Reparación de Celulares, Laptops y PCs",Nayarit,Bahia de Banderas,20.76728,-105.25816,Pendiente,,
Reparación de celulares,Nayarit,Bahia de Banderas,20.711698,-105.232157,Pendiente,,
Reparación de celulares Dealer Phone,Nayarit,Bahia de Banderas,20.65259,-105.219825,Pendiente,,
Reparación de celulares Dealer Phone,Nayarit,Bahia de Banderas,20.651016,-105.21902,Pendiente,,
Reparación de celulares Moreno’s,Nayarit,Bahia de Banderas,20.755534,-105.249798,Pendiente,,
Reparación de celulares chantyshoppe,Nayarit,Bahia de Banderas,20.771094,-105.2145,Pendiente,,
Reparación de celulares y Tablets,Nayarit,Bahia de Banderas,20.750515,-105.178531,Pendiente,,
"Reparación de televisiones, pantallas y Refri",Nayarit,Bahia de Banderas,20.76354,-105.223713,Pendiente,,
SICBADEBA TECHNOLOGY,Nayarit,Bahia de Banderas,20.768838,-105.235107,Pendiente,,
SIMEI Reparación de celulares y computadoras,Nayarit,Bahia de Banderas,21.03856,-105.248087,Pendiente,,
SIMEI Taller de Celulares & Computadoras.,Nayarit,Bahia de Banderas,20.651871,-105.21736,Pendiente,,
STAFF REFACCIONARIA CELULAR SUC MEZCALES,Nayarit,Bahia de Banderas,20.730564,-105.283506,Pendiente,,
STAFF Refaccionaria celular Punto tecnología #44,Nayarit,Bahia de Banderas,20.639296,-105.233059,Pendiente,,
Saltillo Coahuila,Nayarit,Bahia de Banderas,20.82304,-105.243327,Pendiente,,
ServicellPV,Nayarit,Bahia de Banderas,20.65698,-105.21972,Pendiente,,
Servicellpcbox,Nayarit,Bahia de Banderas,20.688883,-105.223489,Pendiente,,
Servitec,Nayarit,Bahia de Banderas,20.746587,-105.254672,Pendiente,,
Smart Solutions,Nayarit,Bahia de Banderas,20.749415,-105.248132,Pendiente,,
Smart accesorios y reparaciones,Nayarit,Bahia de Banderas,20.731497,-105.282548,Pendiente,,
SmartFixSjv,Nayarit,Bahia de Banderas,20.760872,-105.230044,Pendiente,,
Smartcell pv,Nayarit,Bahia de Banderas,20.664381,-105.205629,Pendiente,,
"Smartketing ""Accesorios y telefonía móvil""",Nayarit,Bahia de Banderas,20.651084,-105.213313,Pendiente,,
Solución Digital,Nayarit,Bahia de Banderas,20.747965,-105.312292,Pendiente,,
Soriana Express Bahia De Banderas,Nayarit,Bahia de Banderas,20.747772,-105.255141,Pendiente,,
Sotec,Nayarit,Bahia de Banderas,20.722265,-105.268873,Pendiente,,
Steren Puerto Vallarta,Nayarit,Bahia de Banderas,20.697752,-105.269609,Pendiente,,
Steren Shop Bahía de Banderas,Nayarit,Bahia de Banderas,20.707022,-105.273097,Pendiente,,
TCP Tecnología De Punta,Nayarit,Bahia de Banderas,21.039455,-105.247446,Pendiente,,
TECHNOLOGY FIX,Nayarit,Bahia de Banderas,20.747521,-105.250879,Pendiente,,
TECNOLOGÍA CELULAR,Nayarit,Bahia de Banderas,20.752787,-105.242085,Pendiente,,
TELCEL DITEC SAN VICENTE,Nayarit,Bahia de Banderas,20.748791,-105.250623,Pendiente,,
TRANSFORCEL,Nayarit,Bahia de Banderas,20.731097,-105.283355,Pendiente,,
Taller técnico servicio express,Nayarit,Bahia de Banderas,20.710865,-105.214487,Pendiente,,
TecServicePV - Reparación de Celulares expréss,Nayarit,Bahia de Banderas,20.716966,-105.273071,Pendiente,,
Technoshop,Nayarit,Bahia de Banderas,20.702039,-105.246376,Pendiente,,
Tecnicell,Nayarit,Bahia de Banderas,20.653297,-105.219007,Pendiente,,
Tecno Peter,Nayarit,Bahia de Banderas,21.054514,-105.236696,Pendiente,,
TecnoPro,Nayarit,Bahia de Banderas,20.803809,-105.246417,Pendiente,,
Tecnocel,Nayarit,Bahia de Banderas,20.645141,-105.216964,Pendiente,,
Tecnocel Digital,Nayarit,Bahia de Banderas,20.6339,-105.225,Pendiente,,
Tecnoservi,Nayarit,Bahia de Banderas,20.731066,-105.283097,Pendiente,,
Telcel Bahia De Banderas,Nayarit,Bahia de Banderas,20.721881,-105.277433,Pendiente,,
Telcel CVT Puerto Vallarta,Nayarit,Bahia de Banderas,20.644989,-105.217903,Pendiente,,
Telcel Puerto Vallarta II Galerias,Nayarit,Bahia de Banderas,20.658293,-105.239594,Pendiente,,
Telefono feliz,Nayarit,Bahia de Banderas,20.657964,-105.211928,Pendiente,,
Terminal De Camiones ATM.,Nayarit,Bahia de Banderas,20.810517,-105.249566,Pendiente,,
Un Chingo de Cosas,Nayarit,Bahia de Banderas,20.71382,-105.218342,Pendiente,,
Unlock Vallarta,Nayarit,Bahia de Banderas,20.653464,-105.219681,Pendiente,,
Villas de la Bahía,Nayarit,Bahia de Banderas,20.775339,-105.222058,Pendiente,,
Xion Servicio Técnico Especializado,Nayarit,Bahia de Banderas,20.668805,-105.212253,Pendiente,,
YLB FASHIONISTA,Nayarit,Bahia de Banderas,20.809035,-105.253716,Pendiente,,
iFixTech,Nayarit,Bahia de Banderas,20.76157,-105.230691,Pendiente,,
iMobile Store Mx (Puerto Vallarta),Nayarit,Bahia de Banderas,20.641136,-105.232799,Pendiente,,
movilhouse,Nayarit,Bahia de Banderas,20.868083,-105.436045,Pendiente,,
tecno-punto,Nayarit,Bahia de Banderas,20.745439,-105.249014,Pendiente,,
"Hersycel Distribuidor Autorizado Telcel ""Sucursal Bucerías 1""",Nayarit,Bucerias,20.757239,-105.339033,Pendiente,,
LLANTERA MOVIL,Nayarit,Bucerias,20.693767,-105.277024,Pendiente,,
LLANTERA MOVIL,Nayarit,Bucerias,20.694102,-105.275692,Pendiente,,
"Llantera ""El Jonny""",Nayarit,Bucerias,20.759609,-105.343164,Pendiente,,
Llantera Benito,Nayarit,Bucerias,20.757249,-105.323888,Pendiente,,
"Llantera Móvil ""El More""",Nayarit,Bucerias,20.769557,-105.258227,Pendiente,,
Llantera móvil,Nayarit,Bucerias,20.725926,-105.275407,Pendiente,,
MEGA Soriana Bucerías,Nayarit,Bucerias,20.748233,-105.311787,Pendiente,,
Mega Elektra Bucerías,Nayarit,Bucerias,20.74772,-105.312611,Pendiente,,
Movistar telephonie,Nayarit,Bucerias,20.756849,-105.333595,Pendiente,,
OXXO BUCERIAS,Nayarit,Bucerias,20.749557,-105.320449,Pendiente,,
OXXO Decameron,Nayarit,Bucerias,20.751229,-105.325742,Pendiente,,
OXXO Punta Esmeralda PVA,Nayarit,Bucerias,20.763518,-105.357184,Pendiente,,
OXXO Terra Alta PVA,Nayarit,Bucerias,20.761486,-105.346194,Pendiente,,
OXXO Terragas PVA,Nayarit,Bucerias,20.762146,-105.347492,Pendiente,,
OXXO playa bucerias,Nayarit,Bucerias,20.756445,-105.341141,Pendiente,,
Oxxo bahía,Nayarit,Bucerias,20.758407,-105.34116,Pendiente,,
Repair Shop Bucerias,Nayarit,Bucerias,20.754916,-105.335089,Pendiente,,
Telmex,Nayarit,Bucerias,20.758619,-105.341247,Pendiente,,
B.M.CELL,Nayarit,Compostela,21.23892,-104.886842,Pendiente,,
Coppel Juárez,Nayarit,Compostela,21.236437,-104.899088,Pendiente,,
Elektra,Nayarit,Compostela,21.234517,-104.900448,Visitado,Juan Carlos Castro,2026-08-12
"Hersycel Distribuidor Autorizado Telcel ""Sucursal Compostela 2""",Nayarit,Compostela,21.237756,-104.900072,Visitado,Juan Carlos Castro,2026-08-12
Mikacel,Nayarit,Compostela,21.23554,-104.900587,Visitado,Juan Carlos Castro,2026-08-12
Novedades El Perico,Nayarit,Compostela,21.238026,-104.900835,Visitado,Juan Carlos Castro,2026-08-12
Oxxo Nueva Galicia,Nayarit,Compostela,21.235182,-104.900527,Pendiente,,
Reparación de Celulares y Rockolas Soporte digital,Nayarit,Compostela,21.243718,-104.898811,Pendiente,,
SADAÍ accesorios,Nayarit,Compostela,21.23744,-104.893513,Pendiente,,
Soluciones Globales,Nayarit,Compostela,21.243749,-104.898827,Pendiente,,
Soporte Compostela,Nayarit,Compostela,21.236593,-104.896399,Pendiente,,
Taller autoeléctrico PAÚL Diagnóstico y Programación,Nayarit,Compostela,21.234883,-104.901778,Pendiente,,
Telcel,Nayarit,Compostela,21.236871,-104.900763,Visitado,Juan Carlos Castro,2026-08-12
Tienda wizz Compostela,Nayarit,Compostela,21.237145,-104.900904,Pendiente,,
oxxo nueva galicia,Nayarit,Compostela,21.237171,-104.900796,Pendiente,,
Accesorios Anaya,Nayarit,Ixtlan del Rio,21.036941,-104.37748,Pendiente,,
Accesorios La Morena,Nayarit,Ixtlan del Rio,21.036117,-104.368569,Pendiente,,
Aceros Ocotlán - Ixtlán,Nayarit,Ixtlan del Rio,21.037962,-104.38105,Pendiente,,
Amatista Store Ixtlan,Nayarit,Ixtlan del Rio,21.036019,-104.370325,Pendiente,,
Argo Soluciones,Nayarit,Ixtlan del Rio,21.035272,-104.36976,Pendiente,,
Black and Withe,Nayarit,Ixtlan del Rio,21.034952,-104.36994,Pendiente,,
CFLITE IXTLÁN DEL RÍO,Nayarit,Ixtlan del Rio,21.034982,-104.367445,Pendiente,,
COMPUCELLS CAMBERO,Nayarit,Ixtlan del Rio,21.101393,-104.433368,Pendiente,,
COMPUMAX,Nayarit,Ixtlan del Rio,21.035183,-104.370521,Pendiente,,
COMPUTEC IXTLAN,Nayarit,Ixtlan del Rio,21.037595,-104.364623,Pendiente,,
CONSTRUTODO ixtlan,Nayarit,Ixtlan del Rio,21.034224,-104.369438,Pendiente,,
Casa de Empeño Fundación Dondé,Nayarit,Ixtlan del Rio,21.035218,-104.369613,Pendiente,,
Celuland,Nayarit,Ixtlan del Rio,21.034516,-104.366304,Pendiente,,
Celulares Credito Facil,Nayarit,Ixtlan del Rio,21.036247,-104.374472,Pendiente,,
Centro de ventas Telcel,Nayarit,Ixtlan del Rio,21.035912,-104.365954,Pendiente,,
Computienda ixtlan,Nayarit,Ixtlan del Rio,21.035818,-104.372922,Pendiente,,
Coppel Allende,Nayarit,Ixtlan del Rio,21.036009,-104.369691,Pendiente,,
Coppel Canada Ixtlán del Río,Nayarit,Ixtlan del Rio,21.035553,-104.371655,Pendiente,,
Crediwow Ixtlán del Río,Nayarit,Ixtlan del Rio,21.035234,-104.372389,Pendiente,,
Cyber Pc alpha,Nayarit,Ixtlan del Rio,21.036026,-104.370321,Pendiente,,
Devlyn Coppel Ixtlán Del Río,Nayarit,Ixtlan del Rio,21.03554,-104.3716,Pendiente,,
Discoteca Alegría,Nayarit,Ixtlan del Rio,21.035355,-104.370452,Pendiente,,
El rey de las monturas Ixtlán del río,Nayarit,Ixtlan del Rio,21.034887,-104.366726,Pendiente,,
Electromuebles Ixtlan,Nayarit,Ixtlan del Rio,21.035381,-104.370982,Pendiente,,
Estafeta,Nayarit,Ixtlan del Rio,21.036699,-104.369388,Pendiente,,
Farmacia Guadalajara,Nayarit,Ixtlan del Rio,21.035468,-104.37124,Pendiente,,
Frutería La Mandarina,Nayarit,Ixtlan del Rio,21.034297,-104.369697,Pendiente,,
Hermanos Robles,Nayarit,Ixtlan del Rio,21.034675,-104.370716,Pendiente,,
"Hersycel Distribuidor Autorizado Telcel ""Sucursal Ixtlán 1""",Nayarit,Ixtlan del Rio,21.0356,-104.370854,Pendiente,,
"Hersycel Distribuidor Autorizado Telcel ""Sucursal Ixtlán 2""",Nayarit,Ixtlan del Rio,21.035553,-104.370542,Pendiente,,
"Hersycel Distribuidor Autorizado Telcel ""Sucursal Ixtlán 2""",Nayarit,Ixtlan del Rio,21.03314,-104.35989,Pendiente,,
Infinitum Movil Wi-Fi - Internet Gratis,Nayarit,Ixtlan del Rio,21.033797,-104.370465,Pendiente,,
Lazos de Colores,Nayarit,Ixtlan del Rio,21.034318,-104.369966,Pendiente,,
Llantera Los Cuates,Nayarit,Ixtlan del Rio,21.033248,-104.360982,Pendiente,,
Llantera móvil Parra,Nayarit,Ixtlan del Rio,21.040304,-104.37239,Pendiente,,
MI ESTILO,Nayarit,Ixtlan del Rio,21.036141,-104.373796,Pendiente,,
Mega Elektra Ixtlan del Rio,Nayarit,Ixtlan del Rio,21.035626,-104.369279,Pendiente,,
Mercado Municipal Ixtlán del Río,Nayarit,Ixtlan del Rio,21.034357,-104.370949,Pendiente,,
Mercado Rey nayar los tejabanes,Nayarit,Ixtlan del Rio,21.035708,-104.369761,Pendiente,,
Minisuper 'El Teacher',Nayarit,Ixtlan del Rio,21.034741,-104.370603,Pendiente,,
Mueblería Jenny,Nayarit,Ixtlan del Rio,21.036141,-104.373877,Pendiente,,
Mueblerías Baluarte,Nayarit,Ixtlan del Rio,21.035826,-104.368426,Pendiente,,
NAYWORK radiocomunicaciones y sistemas de seguridad,Nayarit,Ixtlan del Rio,21.034569,-104.371709,Pendiente,,
Nayalink Telecomunicaciones,Nayarit,Ixtlan del Rio,21.038799,-104.373555,Pendiente,,
New York Boutique,Nayarit,Ixtlan del Rio,21.035803,-104.369809,Pendiente,,
"Nieves de Garrafa "" La Placita """,Nayarit,Ixtlan del Rio,21.03558,-104.369796,Pendiente,,
Novedades Gris,Nayarit,Ixtlan del Rio,21.034782,-104.370584,Pendiente,,
Novedades Mireya,Nayarit,Ixtlan del Rio,21.035227,-104.370235,Pendiente,,
OXXO,Nayarit,Ixtlan del Rio,21.03861,-104.372661,Pendiente,,
OXXO,Nayarit,Ixtlan del Rio,21.037697,-104.378895,Pendiente,,
OXXO T. Ixtlan Centro GDL,Nayarit,Ixtlan del Rio,21.035591,-104.372195,Pendiente,,
Omnibus de México Ixtlan Estación Ferrocarril,Nayarit,Ixtlan del Rio,21.036083,-104.373451,Pendiente,,
Oxxo,Nayarit,Ixtlan del Rio,21.033522,-104.362031,Pendiente,,
Papelería Offi-centro,Nayarit,Ixtlan del Rio,21.036503,-104.369435,Pendiente,,
Piloncillo Café boutique,Nayarit,Ixtlan del Rio,21.039502,-104.370566,Pendiente,,
Pvt. Ixtlan 2 F2F. Distribuidor Autorizado,Nayarit,Ixtlan del Rio,21.035169,-104.363294,Pendiente,,
"Servicio Tecnico ""Chava""",Nayarit,Ixtlan del Rio,21.039067,-104.365147,Pendiente,,
Sucursal Bancoppel Allende 24 Hrs,Nayarit,Ixtlan del Rio,21.047265,-104.417022,Pendiente,,
TIENDA DE ROPA CaviMexico,Nayarit,Ixtlan del Rio,21.034764,-104.369891,Pendiente,,
Taller celulares Serna,Nayarit,Ixtlan del Rio,21.036145,-104.373819,Pendiente,,
Telcel,Nayarit,Ixtlan del Rio,21.036099,-104.373518,Pendiente,,
Tienda Naturista Olivo,Nayarit,Ixtlan del Rio,21.035619,-104.371948,Pendiente,,
Total seduction,Nayarit,Ixtlan del Rio,21.033659,-104.369315,Pendiente,,
TuPCeL Ixtlán,Nayarit,Ixtlan del Rio,21.034952,-104.367302,Pendiente,,
UwU,Nayarit,Ixtlan del Rio,21.034092,-104.370207,Pendiente,,
YalexSport,Nayarit,Ixtlan del Rio,21.03502,-104.369829,Pendiente,,
iPhone Alx Ixtlán,Nayarit,Ixtlan del Rio,21.033642,-104.372512,Pendiente,,
la cosmetiqueria ixtlán del río,Nayarit,Ixtlan del Rio,21.03641,-104.372216,Pendiente,,
Únet telecomunicaciones,Nayarit,Ixtlan del Rio,21.036231,-104.370485,Pendiente,,
CH Tecnologia Tepic,Nayarit,Jala,21.507602,-104.895378,Pendiente,,
Celulares Delgadillo centro,Nayarit,Jala,20.908263,-103.979757,Pendiente,,
Clínica Celular,Nayarit,Jala,20.655209,-103.707637,Pendiente,,
DE TODO EN TECNOLOGÍA Y REPARACIÓN,Nayarit,Jala,21.1071,-104.445167,Pendiente,,
El Renegado,Nayarit,Jala,20.649865,-103.701457,Pendiente,,
Hersycel Distribuidor Autorizado Telcel,Nayarit,Jala,21.69126,-104.080163,Pendiente,,
"Keylicel Distribuidor Autorizado Telcel ""Huajicori""",Nayarit,Jala,22.636844,-105.320132,Pendiente,,
ONZUGA CELULARES,Nayarit,Jala,20.726986,-103.54392,Pendiente,,
OXXO Jala,Nayarit,Jala,21.10088,-104.432381,Pendiente,,
PUNTO CELL,Nayarit,Jala,20.833265,-103.730192,Pendiente,,
Pixaars accesorios para celulares,Nayarit,Jala,20.776573,-103.695372,Pendiente,,
Procel celulares,Nayarit,Jala,20.775226,-103.692703,Pendiente,,
Punto Yastás en Cell Center Jala,Nayarit,Jala,21.104951,-104.437478,Pendiente,,
Reaccel - Etza,Nayarit,Jala,20.764203,-104.082864,Pendiente,,
Reparación Celular,Nayarit,Jala,20.650883,-103.69858,Pendiente,,
StoreLs,Nayarit,Jala,20.565186,-103.8524,Pendiente,,
TOTAL CASE,Nayarit,Jala,20.649537,-103.704093,Pendiente,,
TotalCel,Nayarit,Jala,20.648088,-103.703016,Pendiente,,
"Victor Padilla, Proveedor de Internet y Telecomunicaciones",Nayarit,Jala,20.653279,-103.705252,Pendiente,,
reparaciones de celulares tecmovil,Nayarit,Jala,22.20598,-105.295682,Pendiente,,
RECARGAS ELECTRONICAS,Nayarit,La Yesca,21.889819,-104.359642,Pendiente,,
Cellcom,Nayarit,Las Varas,21.180779,-105.135151,Pendiente,,
Coppel Canada,Nayarit,Las Varas,21.180426,-105.135546,Pendiente,,
Crediwow Las Varas,Nayarit,Las Varas,21.179023,-105.134589,Pendiente,,
El Bodegón,Nayarit,Las Varas,21.178684,-105.135339,Pendiente,,
Elektra,Nayarit,Las Varas,21.178987,-105.135683,Pendiente,,
Farmacias Benavides,Nayarit,Las Varas,21.179538,-105.136089,Pendiente,,
Ferretería y Materiales Koranay,Nayarit,Las Varas,21.179685,-105.136902,Pendiente,,
"Hersycel Distribuidor Autorizado Telcel ""Sucursal Las Varas""",Nayarit,Las Varas,21.178116,-105.135832,Pendiente,,
Llantera El Prieto 24/7,Nayarit,Las Varas,21.182158,-105.139653,Pendiente,,
Llantera Torres,Nayarit,Las Varas,21.17589,-105.142965,Pendiente,,
Mi Pcell,Nayarit,Las Varas,21.179251,-105.136046,Pendiente,,
Movistar,Nayarit,Las Varas,21.177659,-105.13617,Pendiente,,
NUGUCEL DAT,Nayarit,Las Varas,21.177617,-105.136213,Pendiente,,
OXXO Chacala PVA,Nayarit,Las Varas,21.167211,-105.154536,Pendiente,,
Tropi store,Nayarit,Las Varas,21.17757,-105.135607,Pendiente,,
All Phone Rosamorada,Nayarit,Rosamorada,22.12235,-105.206846,Pendiente,,
Korycell,Nayarit,Rosamorada,22.119836,-105.202061,Pendiente,,
TodoCel,Nayarit,Rosamorada,22.120977,-105.207149,Pendiente,,
Accesorios Liver Pulga,Nayarit,Ruiz,21.953216,-105.141466,Pendiente,,
Altec Servicell Shop,Nayarit,Ruiz,21.951949,-105.146929,Pendiente,,
Cali cell one telcel,Nayarit,Ruiz,21.949448,-105.145286,Pendiente,,
Coppel Canadá Digital Puebla,Nayarit,Ruiz,21.950468,-105.143899,Pendiente,,
"Depósito ""los carnales""",Nayarit,Ruiz,21.951187,-105.143205,Pendiente,,
"Electrónica & JUGUETES ""NOVE_TEC""",Nayarit,Ruiz,21.951449,-105.14245,Pendiente,,
"Hersycel Distribuidor Autorizado Telcel ""Sucursal Ruiz""",Nayarit,Ruiz,21.951353,-105.144232,Pendiente,,
IMovil Ruiz,Nayarit,Ruiz,21.950464,-105.143529,Pendiente,,
Llantera movil,Nayarit,Ruiz,21.952594,-105.122595,Pendiente,,
Mark-store,Nayarit,Ruiz,21.949879,-105.142679,Pendiente,,
"Novedades ""Seydi""",Nayarit,Ruiz,21.952917,-105.141552,Pendiente,,
Oxxo,Nayarit,Ruiz,21.951358,-105.143226,Pendiente,,
Pasaje Comercial Mexico,Nayarit,Ruiz,21.951901,-105.14237,Pendiente,,
Phone-store,Nayarit,Ruiz,21.947428,-105.141417,Pendiente,,
Por Ruiz Nayarit,Nayarit,Ruiz,21.952617,-105.13976,Pendiente,,
RIMES,Nayarit,Ruiz,21.950481,-105.144808,Pendiente,,
Telcel Keylicel,Nayarit,Ruiz,21.950916,-105.142947,Pendiente,,
UnetTelecom,Nayarit,Ruiz,21.95023,-105.144602,Pendiente,,
internet julia,Nayarit,Ruiz,21.828359,-104.828056,Pendiente,,
"Abarrotes y Frutería ""FRANCO SAN BLAS""",Nayarit,San Blas,21.542617,-105.281359,Pendiente,,
Arte en Piel Ibarría San Blas,Nayarit,San Blas,21.541493,-105.285383,Pendiente,,
Banco BBVA,Nayarit,San Blas,21.542439,-105.28508,Pendiente,,
"Bingo Regalos, Fiesta Y Playa",Nayarit,San Blas,21.541559,-105.2871,Pendiente,,
Boutique el Artesanal El Changarro,Nayarit,San Blas,21.541225,-105.286293,Pendiente,,
Confeti,Nayarit,San Blas,21.541723,-105.285088,Pendiente,,
Coppel Juárez San Blas,Nayarit,San Blas,21.542157,-105.283203,Pendiente,,
Cromos y Accesorios El crucero de San Blas,Nayarit,San Blas,21.697576,-105.051688,Pendiente,,
Curiosidades Marlin,Nayarit,San Blas,21.54139,-105.285645,Pendiente,,
Curricanes San Blas,Nayarit,San Blas,21.541714,-105.285106,Pendiente,,
DEPÓSITO EL GORDO,Nayarit,San Blas,21.541116,-105.286967,Pendiente,,
Digit@l Pl@ce,Nayarit,San Blas,21.540075,-105.286085,Pendiente,,
El Bodegón,Nayarit,San Blas,21.542094,-105.285641,Pendiente,,
FERREMATERIALES MACWONG,Nayarit,San Blas,21.543104,-105.287201,Pendiente,,
FERRETERIA Y MATERIALES AMIGON,Nayarit,San Blas,21.543227,-105.280304,Pendiente,,
Farmacia Guadalajara,Nayarit,San Blas,21.541527,-105.285554,Pendiente,,
"Farmacias Similares ""Lo Mismo Pero Mas Barato""",Nayarit,San Blas,21.541447,-105.285485,Pendiente,,
Ferretería La Burbuja,Nayarit,San Blas,21.543432,-105.279405,Pendiente,,
Fruteria don Cuco,Nayarit,San Blas,21.541361,-105.286041,Pendiente,,
Frutería Del Puerto,Nayarit,San Blas,21.542011,-105.286879,Pendiente,,
Grupo Sendero Motopartes Succ San Blas,Nayarit,San Blas,21.541557,-105.283522,Pendiente,,
Hieleria Moby Dick,Nayarit,San Blas,21.542435,-105.291955,Pendiente,,
Italika Centro de Servicio (CESIT),Nayarit,San Blas,21.541054,-105.28687,Pendiente,,
Italika Distribuidor San Blas,Nayarit,San Blas,21.541032,-105.286943,Pendiente,,
KAMAR ROPA DE PLAYA,Nayarit,San Blas,21.541066,-105.286825,Pendiente,,
KIOSKO,Nayarit,San Blas,21.544274,-105.274661,Pendiente,,
KIOSKO SAN BLAS CENTRO (3456),Nayarit,San Blas,21.541037,-105.285716,Pendiente,,
Koko boom,Nayarit,San Blas,21.528867,-105.284306,Pendiente,,
LECA FERREPISOS,Nayarit,San Blas,21.541665,-105.285308,Pendiente,,
La Crepería De San Blas,Nayarit,San Blas,21.53971,-105.285984,Pendiente,,
Las Fresonas,Nayarit,San Blas,21.541083,-105.286796,Pendiente,,
"Llantera ""El Negrito""",Nayarit,San Blas,21.544264,-105.27427,Pendiente,,
Macwong,Nayarit,San Blas,21.542313,-105.283194,Pendiente,,
Make-Up San Blas,Nayarit,San Blas,21.5409,-105.287675,Pendiente,,
Mercado Municipal de San Blas,Nayarit,San Blas,21.541942,-105.286872,Pendiente,,
Mi Bodega Aurrera San Blas,Nayarit,San Blas,21.538966,-105.285747,Pendiente,,
Mi Súper San Blas,Nayarit,San Blas,21.542192,-105.285139,Pendiente,,
Mini Súper Kane,Nayarit,San Blas,21.541256,-105.284621,Pendiente,,
Oxxo,Nayarit,San Blas,21.542409,-105.28307,Pendiente,,
Oxxo San Blas Centro,Nayarit,San Blas,21.541164,-105.286463,Pendiente,,
Papeleria Coronel,Nayarit,San Blas,21.542491,-105.284701,Pendiente,,
Papeleria Luz,Nayarit,San Blas,21.543038,-105.286598,Pendiente,,
Papeleria Tania,Nayarit,San Blas,21.542763,-105.285345,Pendiente,,
Plaza Principal de San Blas,Nayarit,San Blas,21.541775,-105.286421,Pendiente,,
Presta Prenda,Nayarit,San Blas,21.54137,-105.285739,Pendiente,,
Punto Yastás en Pc Evolution,Nayarit,San Blas,21.541796,-105.284968,Pendiente,,
Red snapper lures San Blas,Nayarit,San Blas,21.538337,-105.289898,Pendiente,,
Ropa de segunda don fede,Nayarit,San Blas,21.542158,-105.287499,Pendiente,,
SAN BLAS 2 NAY.,Nayarit,San Blas,21.54104,-105.28642,Pendiente,,
San Blas Mundo de los lentes,Nayarit,San Blas,21.541577,-105.287387,Pendiente,,
San Blas Pesca - Tienda de Pesca,Nayarit,San Blas,21.54344,-105.292937,Pendiente,,
Seanovo San Blas,Nayarit,San Blas,21.542426,-105.284822,Pendiente,,
Shopping Erizabesu,Nayarit,San Blas,21.541412,-105.285628,Pendiente,,
Super contreras San Blas,Nayarit,San Blas,21.542265,-105.282814,Pendiente,,
Tecnocel,Nayarit,San Blas,21.542915,-105.287889,Pendiente,,
Tenis MAK,Nayarit,San Blas,21.541656,-105.284925,Pendiente,,
Vanguardia movil,Nayarit,San Blas,21.54211,-105.285586,Pendiente,,
Videojuegos Pamplinas,Nayarit,San Blas,21.541728,-105.285082,Pendiente,,
Vidriería San Blas,Nayarit,San Blas,21.541634,-105.287401,Pendiente,,
"Vinos y licores ""El Depo""",Nayarit,San Blas,21.540699,-105.286328,Pendiente,,
jrpelon,Nayarit,San Blas,21.538703,-105.289305,Pendiente,,
vianney La Pava,Nayarit,San Blas,21.542421,-105.285044,Pendiente,,
"HOSPITAL DE Celulares ""EL PROFE""",Nayarit,San Pedro Lagunillas,21.217747,-104.752023,Pendiente,,
"REPARACION CELULAR SAMAO, SERVICIO TÉCNICO PROFESIONAL",Nayarit,San Pedro Lagunillas,21.330201,-104.589704,Pendiente,,
CLLF samao,Nayarit,Santa Maria del Oro,21.33376,-104.586652,Pendiente,,
Oxxo,Nayarit,Santa Maria del Oro,21.334125,-104.586362,Pendiente,,
"Reparación Celular Samao ""RC""",Nayarit,Santa Maria del Oro,21.330243,-104.589693,Pendiente,,
Solutec,Nayarit,Santa Maria del Oro,21.333768,-104.586629,Pendiente,,
"""GPtronics"" Electronica",Nayarit,Santiago Ixcuintla,21.807625,-105.205224,Pendiente,,
"""Jazz boutique""",Nayarit,Santiago Ixcuintla,21.808645,-105.210517,Pendiente,,
ACCESORIOS JIREH MX,Nayarit,Santiago Ixcuintla,21.806117,-105.212167,Pendiente,,
AGENCIA ITALIKA LAMAS JR,Nayarit,Santiago Ixcuintla,21.806941,-105.209001,Pendiente,,
Accesorios El Primo,Nayarit,Santiago Ixcuintla,21.808166,-105.207757,Pendiente,,
Accesorios Jireh,Nayarit,Santiago Ixcuintla,21.808089,-105.207407,Pendiente,,
Almacenes Abúd,Nayarit,Santiago Ixcuintla,21.809333,-105.207813,Pendiente,,
CONSUME SANTIAGO,Nayarit,Santiago Ixcuintla,21.811925,-105.2087,Pendiente,,
CREDIWOW SANTIAGO IXCUINTLA,Nayarit,Santiago Ixcuintla,21.809222,-105.20651,Pendiente,,
Casa de Empeño Fundación Dondé,Nayarit,Santiago Ixcuintla,21.808483,-105.204939,Pendiente,,
Celfix Computer,Nayarit,Santiago Ixcuintla,21.808517,-105.202915,Pendiente,,
Celular Grimm,Nayarit,Santiago Ixcuintla,21.809371,-105.206371,Pendiente,,
Celulares Ixcuintla,Nayarit,Santiago Ixcuintla,21.808217,-105.207437,Pendiente,,
Ciber La Web@,Nayarit,Santiago Ixcuintla,21.809387,-105.206342,Pendiente,,
Construrama,Nayarit,Santiago Ixcuintla,21.812603,-105.203913,Pendiente,,
Consume Zaragoza,Nayarit,Santiago Ixcuintla,21.807573,-105.20551,Pendiente,,
Coppel Zaragoza,Nayarit,Santiago Ixcuintla,21.807688,-105.20693,Pendiente,,
DIGITECK - Reparación de celulares y Accesorios,Nayarit,Santiago Ixcuintla,21.333032,-104.586981,Pendiente,,
Electromuebles Mg de Occidente,Nayarit,Santiago Ixcuintla,21.80835,-105.20602,Pendiente,,
Elektra,Nayarit,Santiago Ixcuintla,21.808628,-105.207109,Pendiente,,
Evans Santiago,Nayarit,Santiago Ixcuintla,21.808452,-105.210075,Pendiente,,
Fanfarrons TFS,Nayarit,Santiago Ixcuintla,21.809308,-105.207164,Pendiente,,
Fundas coronas,Nayarit,Santiago Ixcuintla,21.807194,-105.206444,Pendiente,,
Gptronics Ruiz Electronica y Bocinas,Nayarit,Santiago Ixcuintla,21.947575,-105.148408,Pendiente,,
"Hersycel Distribuidor Autorizado Telcel ""Sucursal Santiago Ixcuintla""",Nayarit,Santiago Ixcuintla,21.808488,-105.207273,Pendiente,,
Imovil Santiago,Nayarit,Santiago Ixcuintla,21.808379,-105.208506,Pendiente,,
KIOSKO SANTIAGO (54065),Nayarit,Santiago Ixcuintla,21.810386,-105.207748,Pendiente,,
KIOSKO SANTIAGO ESTADIO (3463),Nayarit,Santiago Ixcuintla,21.813235,-105.204538,Pendiente,,
Koracel Santiago,Nayarit,Santiago Ixcuintla,21.808091,-105.207565,Pendiente,,
MODA CAPS,Nayarit,Santiago Ixcuintla,21.811039,-105.201861,Pendiente,,
Materiales Eléctricos,Nayarit,Santiago Ixcuintla,21.808477,-105.209303,Pendiente,,
Materias Primas El Chocolatin De Crispin,Nayarit,Santiago Ixcuintla,21.810014,-105.207711,Pendiente,,
Mercado Niños Héroes,Nayarit,Santiago Ixcuintla,21.807775,-105.207466,Pendiente,,
Mi Bodega Aurrera,Nayarit,Santiago Ixcuintla,21.811719,-105.209045,Pendiente,,
Milano santiago,Nayarit,Santiago Ixcuintla,21.807907,-105.205587,Pendiente,,
Motosierras Stihl De Santiago,Nayarit,Santiago Ixcuintla,21.812514,-105.208611,Pendiente,,
Mueblerías Valdez Baluarte Sucursal 58 Santiago Ixcuintla,Nayarit,Santiago Ixcuintla,21.809805,-105.202381,Pendiente,,
Muebles Génesis Santiago Ixcuintla,Nayarit,Santiago Ixcuintla,21.811267,-105.202501,Pendiente,,
Módulo Movistar,Nayarit,Santiago Ixcuintla,21.811573,-105.208889,Pendiente,,
New Holland,Nayarit,Santiago Ixcuintla,21.811989,-105.20058,Pendiente,,
OXXO Tepic Santiago Jimenez GDL,Nayarit,Santiago Ixcuintla,21.812771,-105.210729,Pendiente,,
OXXO TepicSantiagoHos GDL,Nayarit,Santiago Ixcuintla,21.812613,-105.20002,Pendiente,,
Outlet Santiago Ixcuintla,Nayarit,Santiago Ixcuintla,21.808525,-105.208032,Pendiente,,
Oxxo,Nayarit,Santiago Ixcuintla,21.809155,-105.215849,Pendiente,,
Oxxo Boulevard,Nayarit,Santiago Ixcuintla,21.812674,-105.198318,Pendiente,,
Oxxo Santiago Centro,Nayarit,Santiago Ixcuintla,21.808599,-105.205354,Pendiente,,
Pablo shop,Nayarit,Santiago Ixcuintla,21.810975,-105.20817,Pendiente,,
Palashop,Nayarit,Santiago Ixcuintla,21.812381,-105.206339,Pendiente,,
Pepe Y Toño Celulares,Nayarit,Santiago Ixcuintla,21.740488,-105.232262,Pendiente,,
Refaccionaria Valencia,Nayarit,Santiago Ixcuintla,21.812299,-105.210865,Pendiente,,
Santiago Ixcuintla Nayarit,Nayarit,Santiago Ixcuintla,21.809385,-105.208381,Pendiente,,
Shopping Rock,Nayarit,Santiago Ixcuintla,21.813663,-105.206879,Pendiente,,
Siempre Ella Boutique,Nayarit,Santiago Ixcuintla,21.809424,-105.206766,Pendiente,,
Soriana Express Santiago Ixcuintla,Nayarit,Santiago Ixcuintla,21.811927,-105.212212,Pendiente,,
TECNO PLUS,Nayarit,Santiago Ixcuintla,21.808885,-105.207811,Pendiente,,
Telcel,Nayarit,Santiago Ixcuintla,21.808571,-105.210756,Pendiente,,
Telcel,Nayarit,Santiago Ixcuintla,21.808595,-105.206457,Pendiente,,
Telcel,Nayarit,Santiago Ixcuintla,21.808695,-105.206454,Pendiente,,
Telcel Distribuidor Autorizado,Nayarit,Santiago Ixcuintla,21.808206,-105.208534,Pendiente,,
Telefonía Larga Distancia,Nayarit,Santiago Ixcuintla,21.818156,-105.205859,Pendiente,,
Telefonía Movistar,Nayarit,Santiago Ixcuintla,21.808239,-105.20859,Pendiente,,
Telmex,Nayarit,Santiago Ixcuintla,21.809236,-105.210967,Pendiente,,
Telmex Centro Operativo Santiago Ixc,Nayarit,Santiago Ixcuintla,21.813234,-105.215287,Pendiente,,
Tienda SIX,Nayarit,Santiago Ixcuintla,21.815201,-105.204401,Pendiente,,
Tienda wizz Santiago,Nayarit,Santiago Ixcuintla,21.807356,-105.209624,Pendiente,,
Tiendas Miramar,Nayarit,Santiago Ixcuintla,21.807922,-105.205112,Pendiente,,
Waldo's Santiago Ixcuintla,Nayarit,Santiago Ixcuintla,21.81036,-105.20215,Pendiente,,
hospital de celulares,Nayarit,Santiago Ixcuintla,21.808325,-105.208591,Pendiente,,
iMovil,Nayarit,Santiago Ixcuintla,21.806117,-105.212167,Pendiente,,
keis,Nayarit,Santiago Ixcuintla,21.808255,-105.208411,Pendiente,,
Coppel Canada México,Nayarit,Tecuala,22.397213,-105.456811,Pendiente,,
Coppel Hidalgo,Nayarit,Tecuala,22.39725,-105.457335,Pendiente,,
Laptopartes Tecuala,Nayarit,Tecuala,22.395645,-105.456304,Pendiente,,
OXXO Tepic Novillero GDL,Nayarit,Tecuala,22.398594,-105.464664,Pendiente,,
Phone Solutions,Nayarit,Tecuala,22.394303,-105.460761,Pendiente,,
Servicio TecnoCell,Nayarit,Tecuala,22.399679,-105.459956,Pendiente,,
Servicio Técnico el Tecnico,Nayarit,Tecuala,22.397819,-105.459593,Pendiente,,
Soluteck,Nayarit,Tecuala,22.399121,-105.455519,Pendiente,,
Telcel,Nayarit,Tecuala,22.396402,-105.457356,Pendiente,,
Tienda wizz Tecuala,Nayarit,Tecuala,22.395687,-105.456315,Pendiente,,
Wero Micas,Nayarit,Tecuala,22.400705,-105.457934,Pendiente,,
iRepair TCL,Nayarit,Tecuala,22.394463,-105.461982,Pendiente,,
ALPHACELL Tepic,Nayarit,Tepic,21.509541,-104.895702,Pendiente,,
AT&T,Nayarit,Tepic,21.491467,-104.86678,Pendiente,,
AT&T,Nayarit,Tepic,21.508476,-104.892801,Pendiente,,
Accesorios,Nayarit,Tepic,21.49283,-104.882447,Pendiente,,
Accesorios Anaya,Nayarit,Tepic,21.466276,-104.859299,Pendiente,,
Accesorios Para Celulares,Nayarit,Tepic,21.494344,-104.894884,Pendiente,,
Accesorios para tu Celular y Focos Led - Caminera,Nayarit,Tepic,21.471217,-104.884438,Pendiente,,
Accesorios vlady,Nayarit,Tepic,21.508169,-104.889317,Pendiente,,
Adal Electronics,Nayarit,Tepic,21.508042,-104.893873,Pendiente,,
Ahuacate Repair,Nayarit,Tepic,21.515939,-104.945374,Pendiente,,
Alexbarriosupply Centro,Nayarit,Tepic,21.507995,-104.891593,Pendiente,,
"Anthony Cell ""Taller De Celulares""",Nayarit,Tepic,21.542287,-104.875132,Pendiente,,
At&t,Nayarit,Tepic,21.481364,-104.892637,Pendiente,,
BeckTec,Nayarit,Tepic,21.493705,-104.900233,Pendiente,,
CAC Telcel,Nayarit,Tepic,21.516569,-104.913946,Pendiente,,
CETEC Celular & Tecnología,Nayarit,Tepic,21.493832,-104.827937,Pendiente,,
CH tecnología Xalisco,Nayarit,Tepic,21.44612,-104.898337,Pendiente,,
CMFIX,Nayarit,Tepic,21.501534,-104.910385,Pendiente,,
Casa celular,Nayarit,Tepic,21.444828,-104.899397,Pendiente,,
Casa de Empeño Fundación Dondé,Nayarit,Tepic,21.513358,-104.891241,Pendiente,,
Casa de Empeño Fundación Dondé,Nayarit,Tepic,21.513433,-104.891215,Pendiente,,
Cell Xpress y Agencia MercadoLibre,Nayarit,Tepic,21.503375,-104.889528,Pendiente,,
Celucenter Reparaciones,Nayarit,Tepic,21.50794,-104.893048,Pendiente,,
Celulares Express De Tepic,Nayarit,Tepic,21.513628,-104.897215,Pendiente,,
"Celulares, electrónica y novedades RomaShop",Nayarit,Tepic,21.512149,-104.893101,Visitado,Juan Carlos Castro,2026-08-11
Dr. Celular,Nayarit,Tepic,21.512706,-104.890353,Pendiente,,
El Celular Amarillo,Nayarit,Tepic,21.512797,-104.891206,Pendiente,,
El Celular Amarillo,Nayarit,Tepic,21.513288,-104.891579,Pendiente,,
El pelón de los celulares,Nayarit,Tepic,21.511898,-104.893514,Pendiente,,
El rey de las fundas,Nayarit,Tepic,21.508171,-104.891745,Visitado,Juan Carlos,2026-08-20
Elektra,Nayarit,Tepic,21.508747,-104.893571,Pendiente,,
Emporio Celular Durango,Nayarit,Tepic,21.510903,-104.894805,Pendiente,,
Emporio celular,Nayarit,Tepic,21.507129,-104.891694,Pendiente,,
Enlaces celulares,Nayarit,Tepic,21.51108,-104.894734,Visitado,Juan Carlos,2026-08-20
Full Mx Tepic,Nayarit,Tepic,21.490234,-104.885529,Pendiente,,
Fundas Corona,Nayarit,Tepic,21.509887,-104.891363,Pendiente,,
FundasPlus,Nayarit,Tepic,21.493071,-104.816427,Pendiente,,
GR STORE,Nayarit,Tepic,21.507752,-104.887973,Pendiente,,
GeoCell,Nayarit,Tepic,21.50971,-104.895515,Visitado,Juan Carlos Castro,2026-08-11
Godcell Ingeniería en Telefonía Celular,Nayarit,Tepic,21.510599,-104.899049,Pendiente,,
Grupo maco Telcel,Nayarit,Tepic,21.504679,-104.896249,Pendiente,,
H&H Informática y Computación de Nayarit,Nayarit,Tepic,21.454149,-104.893757,Pendiente,,
Hersycel Distribuidor Autorizado Telcel,Nayarit,Tepic,21.506077,-104.897041,Visitado,Juan Carlos Castro,2026-07-25
Hospital de celulares,Nayarit,Tepic,21.479371,-104.883628,Pendiente,,
I Pro Store,Nayarit,Tepic,21.506846,-104.890366,Pendiente,,
IRIS CASE CENTRO,Nayarit,Tepic,21.513107,-104.891995,Visitado,Juan Carlos Castro,2026-08-11
IRepair Service,Nayarit,Tepic,21.493868,-104.895377,Pendiente,,
Intercel Calzada,Nayarit,Tepic,21.501437,-104.904647,Pendiente,,
Jyx celular Boutique,Nayarit,Tepic,21.513081,-104.903534,Pendiente,,
KORACEL,Nayarit,Tepic,21.508424,-104.892249,Pendiente,,
Kaos Ropa para Hombre y Reparación de celular.,Nayarit,Tepic,21.514428,-104.893094,Visitado,Juan Carlos Castro,2026-08-11
LA CASA DE LAS CARCASAS FORUM TEPIC,Nayarit,Tepic,21.491766,-104.866412,Pendiente,,
"LU TECHNOLOGY ✨️ Accesorios, Herramientas y Reparaciones Para Celular y Computo",Nayarit,Tepic,21.509743,-104.896127,Visitado,Juan Carlos Castro,2026-08-18
LangaTec,Nayarit,Tepic,21.501653,-104.902636,Pendiente,,
Ley Plaza Álica,Nayarit,Tepic,21.493188,-104.882625,Pendiente,,
Liverpool,Nayarit,Tepic,21.491644,-104.865309,Pendiente,,
Liverpool Centro,Nayarit,Tepic,21.510381,-104.891799,Pendiente,,
Los Profes,Nayarit,Tepic,21.501948,-104.895166,Pendiente,,
MC Reparaciones,Nayarit,Tepic,21.487731,-104.873202,Pendiente,,
MacStore Forum Tepic,Nayarit,Tepic,21.491863,-104.866736,Pendiente,,
MarcoRV/CellStore,Nayarit,Tepic,21.488905,-104.885733,Pendiente,,
Maxi Oferta Mayoreo y Menudeo,Nayarit,Tepic,21.508402,-104.893058,Pendiente,,
Mobilandia - Sucursal México,Nayarit,Tepic,21.509672,-104.892609,Pendiente,,
Mobile Tepic,Nayarit,Tepic,21.507821,-104.89112,Pendiente,,
Mobilshop,Nayarit,Tepic,21.509625,-104.895703,Pendiente,,
Movil Tech,Nayarit,Tepic,21.48871,-104.894972,Pendiente,,
Movistar,Nayarit,Tepic,21.504968,-104.896147,Pendiente,,
Mr. Fix Tepic - Centro de Reparación de Computadoras,Nayarit,Tepic,21.494395,-104.88163,Pendiente,,
Móvil point,Nayarit,Tepic,21.509092,-104.905244,Pendiente,,
Móvil point,Nayarit,Tepic,21.509092,-104.905244,Pendiente,,
NAYCELL,Nayarit,Tepic,21.510434,-104.894935,Visitado,Juan Carlos,2026-08-24
Nerd Tecnologia,Nayarit,Tepic,21.508609,-104.892669,Pendiente,,
Nex-cel,Nayarit,Tepic,21.508061,-104.891331,Pendiente,,
Nugocel,Nayarit,Tepic,21.514131,-104.866563,Pendiente,,
PHONEREVIVE,Nayarit,Tepic,21.520339,-104.904146,Pendiente,,
PHONEREVIVE2,Nayarit,Tepic,21.498462,-104.888721,Pendiente,,
PIXCELL STORE - ACCESORIOS PARA IPHONE,Nayarit,Tepic,21.49895,-104.891396,Pendiente,,
Papelería El Contador,Nayarit,Tepic,21.509775,-104.893194,Pendiente,,
Pasaje Comercial México,Nayarit,Tepic,21.509786,-104.89258,Pendiente,,
Phonecenter Tepic,Nayarit,Tepic,21.506113,-104.886191,Pendiente,,
Plaza Forum Tepic,Nayarit,Tepic,21.491756,-104.866413,Pendiente,,
Pvt. Alica. Distribuidor Autorizado Telcel,Nayarit,Tepic,21.492979,-104.882385,Pendiente,,
Pyrus tepic,Nayarit,Tepic,21.512659,-104.895063,Visitado,Juan Carlos Castro,2026-08-11
REPARACIÓN DE CELULARES TWINS REPAIR,Nayarit,Tepic,21.5092,-104.893488,Pendiente,,
Refcom,Nayarit,Tepic,21.514902,-104.884228,Pendiente,,
Reparacion Profesional de Celulares y Tablets,Nayarit,Tepic,21.513104,-104.89783,Pendiente,,
Reparacion de celulares EXPRESS,Nayarit,Tepic,21.480139,-104.869144,Pendiente,,
Reparacion de celulares Lau,Nayarit,Tepic,21.515332,-104.890723,Pendiente,,
Reparaciones VISO,Nayarit,Tepic,21.508808,-104.893235,Pendiente,,
Reparaciones de celulares y computadoras Morquecho,Nayarit,Tepic,21.50981,-104.892563,Pendiente,,
Reparación de Celulares EIBIFIX CELL,Nayarit,Tepic,21.517281,-104.871238,Pendiente,,
Reparación de celulares,Nayarit,Tepic,21.502937,-104.87333,Pendiente,,
Reparación de celulares DUO CEL,Nayarit,Tepic,21.509133,-104.891685,Pendiente,,
Reparación de celulares Dungocell,Nayarit,Tepic,21.482449,-104.879918,Pendiente,,
Reparación de celulares Inovacel,Nayarit,Tepic,21.506355,-104.891375,Pendiente,,
"Reparación de celulares, tv's y computadoras.",Nayarit,Tepic,21.48889,-104.873004,Pendiente,,
RmCell Tepic,Nayarit,Tepic,21.498753,-104.896954,Pendiente,,
Salinas y Rocha,Nayarit,Tepic,21.510986,-104.892659,Pendiente,,
Sam's Club,Nayarit,Tepic,21.491328,-104.864126,Pendiente,,
Sanacel Reparación de celulares express,Nayarit,Tepic,21.493685,-104.882457,Pendiente,,
Servicel Tepic,Nayarit,Tepic,21.511718,-104.894222,Visitado,Juan Carlos,2026-08-20
Servicio Técnico Celular,Nayarit,Tepic,21.484671,-104.889713,Pendiente,,
Servitech - Reparacion de Celulares y Equipo de computo,Nayarit,Tepic,21.476401,-104.866452,Pendiente,,
Shakephone tepic,Nayarit,Tepic,21.519056,-104.888678,Pendiente,,
Sinergia Movil,Nayarit,Tepic,21.505744,-104.894273,Pendiente,,
Surtidora Departamental | Tepic,Nayarit,Tepic,21.50979,-104.893383,Pendiente,,
TELCELITO ACCESORIOS Y ELECTRÓNICA,Nayarit,Tepic,21.479781,-104.889115,Pendiente,,
Tecni móvil house,Nayarit,Tepic,21.484677,-104.889289,Pendiente,,
Telcel,Nayarit,Tepic,21.511115,-104.892094,Pendiente,,
Telcel,Nayarit,Tepic,21.479739,-104.867881,Pendiente,,
Telefonía Móvil Nayarit Mx RS,Nayarit,Tepic,21.478361,-104.89021,Pendiente,,
Telefonía Móvil Vallarta Mx DM,Nayarit,Tepic,21.47886,-104.888716,Pendiente,,
Tepmovil,Nayarit,Tepic,21.520485,-104.876594,Visitado,Juan Carlos,2026-08-20
Todo para celulares,Nayarit,Tepic,21.507804,-104.891159,Pendiente,,
Tres Once Store,Nayarit,Tepic,21.506819,-104.893695,Pendiente,,
VIA CEL,Nayarit,Tepic,21.470093,-104.870467,Pendiente,,
VICTECH Repair,Nayarit,Tepic,21.482791,-104.890704,Pendiente,,
Verzenco Technology Reparación de Celulares,Nayarit,Tepic,21.510103,-104.897142,Pendiente,,
Vixo Store,Nayarit,Tepic,21.493027,-104.882313,Pendiente,,
Vixo Store Tienda de accesorios para celular,Nayarit,Tepic,21.534223,-104.873646,Pendiente,,
W.COM,Nayarit,Tepic,21.48343,-104.891699,Pendiente,,
YAYOCELL,Nayarit,Tepic,21.482396,-104.877839,Pendiente,,
YETCEL,Nayarit,Tepic,21.513449,-104.892279,Visitado,Juan Carlos,2026-08-20
Yazbek,Nayarit,Tepic,21.507921,-104.891629,Pendiente,,
ZONA CASE iOS,Nayarit,Tepic,21.49714,-104.883745,Pendiente,,
ZonaRepair,Nayarit,Tepic,21.499597,-104.890791,Pendiente,,
celulares y mas,Nayarit,Tepic,21.511876,-104.89335,Pendiente,,
iFixit Tepic,Nayarit,Tepic,21.493038,-104.886307,Pendiente,,
ikeGames,Nayarit,Tepic,21.509681,-104.892725,Pendiente,,
univercelGSM,Nayarit,Tepic,21.513201,-104.891313,Pendiente,,
Aqui es con Chino,Nayarit,Tuxpan,21.942954,-105.297511,Pendiente,,
Arias,Nayarit,Tuxpan,21.943419,-105.296855,Pendiente,,
BanCoppel Hidalgo,Nayarit,Tuxpan,21.944738,-105.29759,Pendiente,,
CeluLab Reparación Y Liberación De Celulares,Nayarit,Tuxpan,21.943157,-105.29563,Pendiente,,
Coppel Hidalgo,Nayarit,Tuxpan,21.944466,-105.297764,Pendiente,,
Fixit Cleon Reparación de Celulares,Nayarit,Tuxpan,21.93949,-105.288199,Pendiente,,
"Hersycel Distribuidor Autorizado Telcel ""Sucursal Tuxpan""",Nayarit,Tuxpan,21.94398,-105.299335,Pendiente,,
India Post,Nayarit,Tuxpan,21.943248,-105.300015,Pendiente,,
India Post,Nayarit,Tuxpan,21.944017,-105.299576,Pendiente,,
J Roxet Ish,Nayarit,Tuxpan,21.94156,-105.310516,Pendiente,,
MoneyGram,Nayarit,Tuxpan,21.942061,-105.283244,Pendiente,,
MoneyGram,Nayarit,Tuxpan,21.945318,-105.299771,Pendiente,,
MoneyGram,Nayarit,Tuxpan,21.944452,-105.299464,Pendiente,,
Más Tres Store,Nayarit,Tuxpan,21.939932,-105.296314,Pendiente,,
OXXO,Nayarit,Tuxpan,21.943512,-105.297424,Pendiente,,
OXXO,Nayarit,Tuxpan,21.944334,-105.300468,Pendiente,,
OXXO Tepic Tuxpan Bordo GDL,Nayarit,Tuxpan,21.943825,-105.295592,Pendiente,,
OXXO Tepic Tuxpan HospGDL,Nayarit,Tuxpan,21.941935,-105.290718,Pendiente,,
SOLUTEI,Nayarit,Tuxpan,21.941045,-105.308001,Pendiente,,
TecnoMovil Isaac,Nayarit,Tuxpan,21.942493,-105.30021,Pendiente,,
Telcel DKCH,Nayarit,Tuxpan,21.944193,-105.29988,Pendiente,,
Telecomunicaciones de México,Nayarit,Tuxpan,21.944759,-105.299686,Pendiente,,
Telmex,Nayarit,Tuxpan,21.941528,-105.29719,Pendiente,,
Tienda wizz Tuxpan,Nayarit,Tuxpan,21.944505,-105.299448,Pendiente,,
Unet Telecomunicaciones Suc. Tuxpan,Nayarit,Tuxpan,21.942982,-105.29925,Pendiente,,
Unimodas Y Accesorios Jazz,Nayarit,Tuxpan,21.94509,-105.299425,Pendiente,,
iMovil,Nayarit,Tuxpan,21.945337,-105.30011,Pendiente,,
1HORA DISTRIBUIDORA,Nayarit,Xalisco,21.51274,-104.894851,Visitado,Juan Carlos,2026-08-20
AppleFixTepic,Nayarit,Xalisco,21.488793,-104.894882,Pendiente,,
Audio car Cesar,Nayarit,Xalisco,21.440925,-104.900045,Pendiente,,
CREDIWOW XALISCO,Nayarit,Xalisco,21.445382,-104.899609,Pendiente,,
Celulares Credito Facil,Nayarit,Xalisco,21.480434,-104.867376,Visitado,Juan Carlos Castro,2026-08-18
Computer Repair Celulares-tablet-computadoras,Nayarit,Xalisco,21.472667,-104.879031,Pendiente,,
Elektra,Nayarit,Xalisco,21.452642,-104.898476,Pendiente,,
H&H Ingeniería En Electrónica Y Telefonia Celular,Nayarit,Xalisco,21.462383,-104.898089,Pendiente,,
Izone Tepic,Nayarit,Xalisco,21.471308,-104.874512,Pendiente,,
Kingcel Tepic,Nayarit,Xalisco,21.46916,-104.873422,Pendiente,,
Llantera Movil Geño,Nayarit,Xalisco,21.462111,-104.89758,Pendiente,,
Mi mobile Telcel distribuidor autorizado,Nayarit,Xalisco,21.484475,-104.893037,Pendiente,,
"Muebles América (Suc. Xalisco, Nay.)",Nayarit,Xalisco,21.442109,-104.898973,Pendiente,,
Multiservicios Zonapc,Nayarit,Xalisco,21.476461,-104.888424,Pendiente,,
Oxxo,Nayarit,Xalisco,21.461319,-104.892274,Pendiente,,
Oxxo,Nayarit,Xalisco,21.444847,-104.898633,Pendiente,,
Oxxo Xalisco Centro I,Nayarit,Xalisco,21.451156,-104.899425,Pendiente,,
Oxxo Xalisco Centro II,Nayarit,Xalisco,21.44115,-104.900222,Pendiente,,
Oxxo Xalisco Colinas,Nayarit,Xalisco,21.454809,-104.904884,Pendiente,,
Oxxo Xalisco Ramos Millán,Nayarit,Xalisco,21.448793,-104.894971,Pendiente,,
Reparacion De Celulares,Nayarit,Xalisco,21.453736,-104.893848,Pendiente,,
Roció,Nayarit,Xalisco,21.451979,-104.903349,Pendiente,,
Supercel,Nayarit,Xalisco,21.445137,-104.898442,Pendiente,,
Tecnicel Xalisco,Nayarit,Xalisco,21.454827,-104.896744,Pendiente,,
Tecnoprim,Nayarit,Xalisco,21.449754,-104.897791,Pendiente,,
Telcel,Nayarit,Xalisco,21.451538,-104.898583,Visitado,Juan Carlos Castro,2026-08-13
Telcel,Nayarit,Xalisco,21.448273,-104.899597,Pendiente,,
Telcel Vivocell,Nayarit,Xalisco,21.445506,-104.899815,Pendiente,,
Totocel,Nayarit,Xalisco,21.451567,-104.903258,Visitado,Juan Carlos Castro,2026-08-14
ifixcellphone,Nayarit,Xalisco,21.456067,-104.897082,Pendiente,,
